country,admin1,events,fatalities,population_exposure,lat,lon
Palestine,West Bank,58630,2230,1129630,31.9475,35.267
Palestine,Gaza Strip,37943,70628,1840465,31.407,34.3577
Syria,Aleppo,27835,19132,1014150,36.1445,37.3978
Syria,Idleb,27713,16659,605662,35.8547,36.5648
Syria,Hama,18594,14474,937737,35.3165,37.3411
Syria,Deir ez Zor,17990,26425,467541,35.2318,40.2761
Lebanon,Al Nabatieh,17929,2862,331988,33.2832,35.4971
Yemen,Al Hudaydah,16198,18730,1088990,14.7791,43.2181
Iraq,Duhok,16041,2792,499788,37.0446,43.1386
Yemen,Sadah,15628,21304,638905,17.0883,44.0424
Yemen,Taizz,13247,23906,564550,13.2949,43.7855
Syria,Al Hasakeh,11806,7125,665649,36.4131,40.5519
Lebanon,South,10994,2726,496198,33.3416,35.3035
Yemen,Marib,10593,24062,117128,15.3329,45.4523
Syria,Ar Raqqa,10133,14099,422914,36.0265,38.922
Syria,Dara,10068,9226,321626,32.831,36.1112
Syria,Rural Damascus,9381,16083,514021,33.4538,37.4305
Turkey,Istanbul,8487,331,1686835,41.2707,28.4707
Iraq,Ninewa,8471,43787,1631843,35.9879,42.3496
Iran,Tehran,8020,11118,12731556,35.5022,51.3269
Israel,HaZafon,7031,82,993083,32.839,35.3807
Bahrain,Capital,6914,9,398552,26.1927,50.5508
Iraq,Al Anbar,6694,26224,660908,33.1774,41.3987
Iraq,Baghdad,6573,6742,4217156,33.278,44.3783
Yemen,Hajjah,6444,10625,926266,16.0944,43.2039
Bahrain,Northern,6265,9,231735,26.1468,50.4809
Syria,Homs,6191,8976,524662,34.4708,38.2063
Yemen,Al Jawf,5823,16021,131219,16.5962,45.5989
Iraq,Erbil,5626,2794,891417,36.3791,44.2104
Yemen,Ad Dali,5363,11149,236273,13.8943,44.7825
Yemen,Ibb,5326,1575,726381,14.0881,44.175
Iran,Khuzestan,5203,1838,2077539,31.4636,48.9916
Yemen,Sanaa,5196,7965,303830,15.3931,44.4753
Turkey,Ankara,4520,255,513929,39.7073,32.5011
Turkey,Izmir,4436,17,542722,38.5994,27.042
Yemen,Aden,4215,3592,548169,12.8058,44.788
Yemen,Al Bayda,3989,9731,317738,14.326,45.216
Iraq,Diyala,3966,3801,453305,34.0711,44.8903
Israel,HaDarom,3938,1855,1019429,30.6783,34.8831
Yemen,Amanat al Asimah,3922,2398,1780197,15.4201,44.1919
Iraq,Kirkuk,3890,8174,524239,35.2858,44.0603
Turkey,Diyarbakir,3849,1072,649406,38.1105,40.2245
Yemen,Lahij,3610,5109,251558,13.3204,44.7623
Iraq,Salah Al Din,3516,10195,506763,34.6687,43.6316
Yemen,Abyan,3507,3655,218329,13.6274,46.228
Syria,Quneitra,3423,831,48418,33.0113,35.7989
Iraq,Al Basrah,3401,501,950465,30.2047,47.5084
Yemen,Shabwah,3379,4812,164593,14.651,46.62
Lebanon,Mount Lebanon,3373,553,812213,33.8513,35.6478
Syria,Lattakia,3330,3898,798118,35.5854,35.9916
Lebanon,Beirut,3112,157,456910,33.8886,35.5016
Syria,As Sweida,3082,2316,324203,32.7624,36.8919
Israel,HaMerkaz,3058,51,1221448,32.085,34.9167
Lebanon,North,2846,115,436407,34.3195,35.9369
Israel,Tel Aviv,2827,68,1124299,32.0984,34.8103
Lebanon,Baalbek-Hermel,2589,1642,266434,34.1673,36.2993
Iraq,Thi Qar,2389,581,780113,31.2876,46.2732
Iran,Isfahan,2332,2229,1987860,32.6094,52.0477
Syria,Damascus,2318,3408,1328365,33.5153,36.2738
Israel,Haifa,2171,32,823495,32.6278,34.9819
Turkey,Hakkari,2103,1930,198640,37.3909,43.9965
Israel,Jerusalem,2047,30,240352,31.7281,34.9945
Lebanon,Bekaa,2020,369,170715,33.6407,35.8097
Saudi Arabia,Jizan,1948,4182,174441,17.353,42.7999
Turkey,Sirnak,1910,2403,314469,37.4379,42.5882
Yemen,Hadramawt,1852,1215,495442,16.5288,48.6269
Iraq,Al Sulaymaniyah,1820,480,780622,35.5263,45.379
Turkey,Van,1766,420,471013,38.5455,43.5949
Jordan,Amman,1703,17,574484,31.6696,36.3151
Iran,Sistan and Baluchestan,1680,1710,1008390,28.2728,60.8613
Yemen,Amran,1638,711,304367,16.1156,43.9414
Yemen,Dhamar,1625,683,430616,14.5395,44.3063
Iran,Kurdistan,1600,405,1024665,35.6014,47.0057
Iraq,Maysan,1544,448,573053,31.999,47.135
Iraq,Al Muthanna,1519,168,288638,30.4107,45.3606
Iran,Razavi Khorasan,1513,1891,1023399,35.7792,59.0295
Iran,Fars,1505,2199,1616446,29.3576,53.3176
Iran,Kermanshah,1442,1070,1157421,34.4871,46.8086
Yemen,Al Mahwit,1395,79,224643,15.3084,43.4994
Turkey,Adana,1377,12,478336,37.4745,35.3726
Iran,East Azerbaijan,1330,803,1355775,38.0858,46.6924
Iran,Gilan,1307,1085,743467,37.5092,49.0189
Turkey,Mardin,1284,796,563123,37.3257,40.7757
Iran,West Azerbaijan,1275,852,1798648,37.8742,44.7003
Iran,Hormozgan,1252,301,670142,27.1422,55.0325
Lebanon,Akkar,1242,117,105176,34.5499,36.1901
Turkey,Mersin,1184,11,380065,36.7331,33.7591
Iran,Mazandaran,1170,408,1117331,36.3633,52.3677
Turkey,Mugla,1165,9,107210,36.946,28.646
Iran,Bushehr,1162,28,533125,28.7846,51.5038
Iran,Lorestan,1106,151,972998,33.5164,48.3219
Iran,Kerman,1001,546,874454,29.2326,57.3392
Turkey,Sanliurfa,985,82,446077,37.3442,38.9233
Turkey,Tunceli,962,502,38454,39.1892,39.347
Iraq,Al Qadissiya,938,201,413982,31.8451,45.1666
Turkey,Batman,936,65,439037,38.0226,41.3125
Iran,Markazi,927,921,642988,34.4772,49.5818
Iran,Alborz,909,1984,2229092,35.9457,50.906
Saudi Arabia,Najran,893,1606,162723,18.2376,45.6117
Turkey,Kocaeli,868,2,239218,40.8691,29.8208
Turkey,Bursa,851,4,347656,40.1017,28.9389
Indian Ocean,North Indian Ocean,845,101,0,13.7278,70.4734
Iraq,Babil,822,509,510607,32.5765,44.6371
Iran,Qazvin,811,26,375493,36.1089,50.0386
Bahrain,Southern,796,4,74746,25.9954,50.5421
Iran,Kohgiluyeh and Boyer-Ahmad,791,24,242150,30.7032,51.0949
Turkey,Hatay,762,103,308547,36.4111,36.2273
Iran,Ilam,749,105,450900,33.0433,46.8724
Turkey,Antalya,724,7,565355,36.7628,31.9301
Iran,Yazd,685,348,511819,31.4825,54.4162
Iraq,Wassit,681,87,492503,32.7059,45.704
Yemen,Raymah,672,49,141281,14.657,43.6874
Iran,Hamadan,621,370,706537,34.8698,48.559
Jordan,Irbid,620,35,483847,32.4735,35.8353
Turkey,Bitlis,565,274,105543,38.4969,42.2274
Turkey,Aydin,559,1,247219,37.7322,28.0578
Turkey,Siirt,553,360,161498,37.9278,42.0911
Turkey,Eskisehir,542,3,413213,39.6143,31.0627
Turkey,Balikesir,541,3,117643,39.8038,27.9824
Iraq,Al Najaf,538,148,664163,31.0697,43.38
Bahrain,Muharraq,533,4,141305,26.2547,50.6428
Iran,Semnan,528,17,233858,35.7868,54.9676
Iran,Chaharmahal and Bakhtiari,520,34,265574,31.979,50.8101
Turkey,Gaziantep,507,100,958557,37.1146,37.2439
Iran,Zanjan,505,248,421465,36.4014,48.422
Turkey,Canakkale,502,0,61983,39.9635,26.8428
Iran,Ardabil,491,497,545622,38.4066,47.9857
Turkey,Agri,453,197,226768,39.466,43.4673
Turkey,Samsun,436,1,114984,41.2783,35.8756
Saudi Arabia,Asir,433,343,243191,19.2036,42.9532
Syria,Tartous,422,870,657487,34.9536,36.075
Yemen,Al Mahrah,422,38,47075,17.0575,51.8238
Turkey,Mus,418,83,120320,39.009,41.9466
Iran,Golestan,395,417,365607,37.2982,54.8804
Turkey,Manisa,393,0,138210,38.7462,28.0939
Iran,Qom,390,1935,798824,34.6674,51.002
Iraq,Kerbala,389,176,498734,32.49,43.8069
Turkey,Denizli,360,1,453487,37.6788,29.2458
Iran,North Khorasan,342,72,175800,37.4249,57.178
Turkey,Bingol,325,206,139518,39.0247,40.718
Jordan,Az Zarqa,312,3,658342,31.8608,36.8739
Jordan,Al Karak,311,27,81084,31.1106,35.8385
Mediterranean Sea,Wider Black Sea Region,305,30,0,43.4965,34.2569
Turkey,Kayseri,301,16,132035,38.5057,35.9186
Yemen,Suqutra,291,10,59979,12.5081,53.893
Turkey,Edirne,289,20,54053,41.2961,26.6957
Turkey,Malatya,288,3,368290,38.5104,37.8439
Turkey,Adiyaman,278,19,230871,37.815,38.2092
Turkey,Tekirdag,268,1,116564,41.0734,27.3901
Turkey,Erzurum,267,56,272719,40.0725,41.4751
Turkey,Konya,253,17,514689,38.0284,32.412
Iran,South Khorasan,236,7,194923,32.8019,58.24
Jordan,Al Balqa,235,18,184003,31.9393,35.6476
Kuwait,Al Asimah,229,5,332836,29.3474,47.9688
Turkey,Elazig,225,58,231510,38.7101,39.3439
Jordan,Maan,208,14,41968,30.2431,36.501
Turkey,Trabzon,204,8,81800,40.8094,39.7814
Turkey,Sakarya,200,10,275915,40.7353,30.5722
Jordan,Al Mafraq,197,76,111933,32.5408,38.1525
Turkey,Artvin,193,2,31915,41.0385,41.8484
Saudi Arabia,Ar Riyadh,180,192,482812,23.4556,45.232
Turkey,Ordu,179,12,147943,40.738,37.411
United Arab Emirates,Abu Dhabi,177,11,588672,23.7727,53.7133
Jordan,Madaba,176,8,144849,31.6029,35.6669
Turkey,Kirklareli,175,0,66592,41.6597,27.5054
Turkey,Kars,170,76,103969,40.5157,43.0403
Saudi Arabia,Eastern,163,130,392328,23.1567,50.3153
Turkey,Sivas,156,0,100512,39.5473,37.2125
Turkey,Rize,155,0,57626,40.9104,40.817
Turkey,Igdir,151,16,107457,39.8813,43.9762
Jordan,Al Aqabah,147,2,104869,29.9747,35.2057
Turkey,Zonguldak,142,0,38918,41.2978,31.8293
Turkey,Kutahya,139,0,82697,39.3321,29.606
Turkey,Kahramanmaras,135,5,374419,37.8852,36.8854
Turkey,Bolu,130,2,147622,40.5731,31.59
Turkey,Osmaniye,127,34,249244,37.3416,36.2986
Turkey,Corum,125,0,79000,40.646,34.7294
Jordan,At Tafilah,115,0,28194,30.8097,35.6612
Turkey,Giresun,114,7,61842,40.5664,38.4409
Turkey,Erzincan,110,46,121000,39.5452,39.043
Mediterranean Sea,Eastern Mediterranean Sea,107,179,0,34.924,28.7224
Qatar,Ad Dawnah,106,7,951491,25.2934,51.5014
Turkey,Amasya,105,0,36015,40.6554,35.8544
Turkey,Kilis,97,14,107017,36.8316,37.0107
Turkey,Duzce,96,0,64741,40.8687,31.2116
Turkey,Bilecik,93,0,29979,40.1112,30.1285
Turkey,Afyonkarahisar,89,0,52822,38.5248,30.6111
Turkey,Tokat,74,0,142750,40.4006,36.6865
Turkey,Sinop,73,2,27431,41.6486,34.992
Jordan,Jerash,73,3,116199,32.2431,35.9005
Kuwait,Al Jahra,69,3,133899,29.4988,47.3671
Turkey,Karabuk,69,1,36703,41.2036,32.5224
Turkey,Usak,68,0,89668,38.5491,29.3243
United Arab Emirates,Dubai,64,4,858720,24.9904,55.3711
Turkey,Kirsehir,63,0,68820,39.3091,34.0422
Turkey,Nigde,62,0,16332,37.8547,34.7331
Turkey,Nevsehir,61,0,15503,38.8286,34.6035
Turkey,Kastamonu,58,0,67230,41.4214,33.7891
Turkey,Burdur,58,0,22329,37.326,30.2481
Turkey,Yalova,56,9,146044,40.5992,29.2123
Saudi Arabia,Mecca,55,25,399704,21.0317,41.4478
Turkey,Gumushane,54,11,22604,40.3376,39.4286
Turkey,Karaman,53,0,61242,37.0098,33.1805
Turkey,Kirikkale,51,1,75779,39.8662,33.6922
Jordan,Ajlun,51,1,40639,32.2912,35.7319
Turkey,Yozgat,50,0,44787,39.6218,35.2999
Kuwait,Al Ahmadi,49,6,246585,28.8688,47.9227
Turkey,Bartin,47,0,45246,41.571,32.4886
Turkey,Bayburt,41,0,39047,40.2477,40.2223
Turkey,Cankiri,38,0,31479,40.6726,33.4398
Turkey,Ardahan,37,15,18577,41.1153,42.9326
Turkey,Isparta,37,0,85549,37.9293,30.8094
Turkey,Aksaray,35,0,82681,38.5127,33.8656
Qatar,Ar Rayyan,26,0,13587,24.931,50.9784
Oman,Muscat,21,9,233870,23.2501,58.7601
Saudi Arabia,Al Madinah,15,6,258376,25.0041,39.9162
Kuwait,Al Farwaniyah,15,1,300496,29.2476,47.9119
United Arab Emirates,Al Fujayrah,15,2,69051,25.4363,56.2301
Oman,Dhofar,13,1,29177,18.8597,54.5566
Oman,Musandam,13,6,5648,25.9953,56.303
Qatar,Al Khor,10,7,12513,25.7618,51.3405
United Arab Emirates,Ash Shariqah,9,2,329922,25.1368,55.8094
Oman,Al Batinah North,7,2,117276,24.2357,56.5739
Kuwait,Hawalli,6,0,388050,29.3117,48.0552
Qatar,Ash Sheehaniya,6,0,11017,25.4451,51.0111
Saudi Arabia,Tabuk,5,1,2682,27.2704,38.9507
Saudi Arabia,Al Jawf,5,1,69651,30.1511,39.7423
Oman,Ash Sharqiyah South,4,2,9869,22.1156,59.5208
Oman,Ad Dakhiliyah,4,0,12404,22.3885,57.2237
Oman,Ad Dhahirah,4,0,9612,23.0064,55.9877
Saudi Arabia,Al Qassim,3,4,92283,26.2766,43.325
Oman,Al Wusta,3,0,3136,20.4761,56.9042
United Arab Emirates,Ras Al Khaymah,3,0,56031,25.698,55.9686
Qatar,Umm Salal,3,0,8079,25.4782,51.3371
Oman,Al Batinah South,3,0,13400,23.4831,57.6494
Qatar,Al Wakrah,2,0,24609,24.8527,51.2992
Kuwait,Mubarak al Kabir,2,0,14391,29.2228,48.0509
Saudi Arabia,Hail,2,6,362,27.0911,41.45
Qatar,Ash Shamal,2,0,0,26.0015,51.2173
Saudi Arabia,Northern Borders,2,7,106888,29.8425,42.6838
Oman,Al Buraymi,1,0,0,24.3297,56.0538
Oman,Ash Sharqiyah North,1,0,1352,21.7224,58.5473
United Arab Emirates,Umm Al Qaywayn,1,0,14271,25.4619,55.7262
