week,events,fatalities,population_exposure,admin_units,lethality
2014-12-27,15,27,969895,8,1.8
2015-01-03,69,94,4208229,17,1.3623188405797102
2015-01-10,55,27,3977074,13,0.4909090909090909
2015-01-17,66,59,4093939,16,0.8939393939393939
2015-01-24,93,85,5213900,15,0.9139784946236559
2015-01-31,56,62,2972874,16,1.1071428571428572
2015-02-07,79,117,3840709,14,1.481012658227848
2015-02-14,68,124,3160904,16,1.8235294117647058
2015-02-21,59,45,2883890,14,0.7627118644067796
2015-02-28,52,73,2807771,15,1.4038461538461537
2015-03-07,49,70,2190563,13,1.4285714285714286
2015-03-14,67,230,3444803,17,3.4328358208955225
2015-03-21,132,296,3994381,16,2.242424242424242
2015-03-28,224,719,6938071,20,3.2098214285714284
2015-04-04,219,560,6393580,19,2.557077625570776
2015-04-11,178,645,5123763,18,3.6235955056179776
2015-04-18,181,656,5530217,16,3.6243093922651934
2015-04-25,245,797,7153163,19,3.253061224489796
2015-05-02,177,454,4775689,20,2.5649717514124295
2015-05-09,178,497,5416015,20,2.792134831460674
2015-05-16,204,336,6337024,20,1.6470588235294117
2015-05-23,185,532,5473761,21,2.8756756756756756
2015-05-30,231,444,6211870,21,1.922077922077922
2015-06-06,193,429,4914082,20,2.22279792746114
2015-06-13,212,452,5994709,22,2.1320754716981134
2015-06-20,241,452,5319868,21,1.8755186721991701
2015-06-27,202,403,4897733,24,1.995049504950495
2015-07-04,151,461,4248930,22,3.052980132450331
2015-07-11,131,234,3042305,20,1.786259541984733
2015-07-18,46,311,1240794,12,6.760869565217392
2015-07-25,128,332,2575200,21,2.59375
2015-08-01,167,459,3652559,22,2.748502994011976
2015-08-08,147,417,4204331,21,2.836734693877551
2015-08-15,172,381,3886524,20,2.2151162790697674
2015-08-22,157,339,4122766,20,2.159235668789809
2015-08-29,187,332,4611920,18,1.7754010695187166
2015-09-05,221,387,4888191,19,1.751131221719457
2015-09-12,247,396,4464020,21,1.6032388663967612
2015-09-19,228,362,4956869,19,1.587719298245614
2015-09-26,203,351,3647122,17,1.729064039408867
2015-10-03,249,353,3657737,21,1.4176706827309238
2015-10-10,262,369,4450800,20,1.4083969465648856
2015-10-17,220,494,3778445,20,2.2454545454545456
2015-10-24,235,250,4462561,20,1.0638297872340425
2015-10-31,195,436,3546886,19,2.235897435897436
2015-11-07,162,277,3379437,23,1.7098765432098766
2015-11-14,192,467,2459737,21,2.4322916666666665
2015-11-21,195,405,2368115,17,2.076923076923077
2015-11-28,182,343,3027594,20,1.8846153846153846
2015-12-05,194,457,2187774,20,2.3556701030927836
2015-12-12,178,470,2646179,20,2.640449438202247
2015-12-19,160,356,2707034,20,2.225
2015-12-26,252,497,6246169,39,1.9722222222222223
2016-01-02,724,2121,20513936,73,2.929558011049724
2016-01-09,685,1891,20016279,76,2.7605839416058395
2016-01-16,619,1154,20719072,78,1.864297253634895
2016-01-23,565,1377,14818964,74,2.4371681415929203
2016-01-30,639,1535,17359054,83,2.4021909233176837
2016-02-06,608,1758,17197891,69,2.8914473684210527
2016-02-13,722,1308,19861929,78,1.811634349030471
2016-02-20,581,1148,18170671,82,1.9759036144578312
2016-02-27,553,1194,21174613,74,2.159132007233273
2016-03-05,547,1540,18374381,88,2.8153564899451555
2016-03-12,487,1302,14057872,71,2.673511293634497
2016-03-19,463,1262,13759655,67,2.7257019438444923
2016-03-26,500,1378,15686940,82,2.756
2016-04-02,721,2989,19725771,80,4.145631067961165
2016-04-09,703,1934,18771951,80,2.7510668563300142
2016-04-16,469,834,12472754,74,1.7782515991471215
2016-04-23,595,1839,17118515,84,3.0907563025210085
2016-04-30,595,1936,15112424,104,3.253781512605042
2016-05-07,580,1863,16082556,82,3.212068965517241
2016-05-14,571,1615,16462214,83,2.828371278458844
2016-05-21,575,1552,15013318,75,2.699130434782609
2016-05-28,500,1192,11266001,76,2.384
2016-06-04,537,1554,13444131,81,2.893854748603352
2016-06-11,510,1163,12631733,73,2.280392156862745
2016-06-18,507,1025,10448313,75,2.021696252465483
2016-06-25,538,1721,13237724,79,3.1988847583643123
2016-07-02,439,2370,13545287,72,5.398633257403189
2016-07-09,599,1741,20103961,94,2.9065108514190316
2016-07-16,1274,1089,19400455,133,0.8547880690737834
2016-07-23,1181,1081,17697491,139,0.9153259949195597
2016-07-30,550,1242,12610992,98,2.2581818181818183
2016-08-06,696,1597,16603085,84,2.2945402298850577
2016-08-13,733,1726,18647478,84,2.3547066848567533
2016-08-20,615,1321,16769696,79,2.1479674796747967
2016-08-27,596,1198,19459146,76,2.01006711409396
2016-09-03,621,1339,14051328,86,2.156199677938808
2016-09-10,507,1119,12378371,57,2.2071005917159763
2016-09-17,650,1322,15572773,75,2.0338461538461536
2016-09-24,674,1307,15055906,87,1.9391691394658754
2016-10-01,572,865,17588972,82,1.5122377622377623
2016-10-08,589,1353,15796939,86,2.297113752122241
2016-10-15,583,1665,14324579,74,2.855917667238422
2016-10-22,570,1662,11489359,72,2.9157894736842107
2016-10-29,639,1682,14640302,76,2.632237871674491
2016-11-05,688,2273,20906509,82,3.303779069767442
2016-11-12,539,1765,15608839,66,3.274582560296846
2016-11-19,517,1578,15169253,68,3.0522243713733075
2016-11-26,491,1339,15080518,67,2.7270875763747453
2016-12-03,547,1049,14624728,76,1.9177330895795246
2016-12-10,604,1440,13527689,95,2.384105960264901
2016-12-17,629,1175,16843706,96,1.8680445151033387
2016-12-24,573,1543,11683319,71,2.6928446771378707
2016-12-31,1030,2863,25471273,96,2.7796116504854367
2017-01-07,1286,3060,26865517,89,2.3794712286158632
2017-01-14,1548,2799,21676351,95,1.808139534883721
2017-01-21,1300,2251,25278324,87,1.7315384615384615
2017-01-28,1145,2260,21215243,75,1.9737991266375545
2017-02-04,1295,1956,24167446,91,1.5104247104247104
2017-02-11,1172,1752,22675995,84,1.4948805460750854
2017-02-18,1251,2658,22590389,95,2.1247002398081536
2017-02-25,1203,2140,23384379,94,1.7788861180382378
2017-03-04,1329,2286,22884708,99,1.7200902934537246
2017-03-11,1147,2397,19904087,106,2.089799476896251
2017-03-18,1098,3050,22009582,78,2.7777777777777777
2017-03-25,1038,2328,20820080,75,2.2427745664739884
2017-04-01,1231,3069,19788943,95,2.4930950446791225
2017-04-08,1106,2150,18986490,106,1.9439421338155516
2017-04-15,1270,2584,19224290,100,2.0346456692913386
2017-04-22,1394,2628,21062562,91,1.885222381635581
2017-04-29,1105,2456,19258167,107,2.2226244343891404
2017-05-06,946,2132,19387439,93,2.2536997885835097
2017-05-13,1041,2695,19159574,90,2.5888568683957733
2017-05-20,1091,1997,17791034,90,1.8304307974335472
2017-05-27,1060,2674,16240534,87,2.5226415094339623
2017-06-03,1203,2937,16984127,81,2.4413965087281797
2017-06-10,975,2334,15959028,96,2.393846153846154
2017-06-17,1033,1877,19220485,84,1.8170377541142304
2017-06-24,893,1911,15514646,84,2.139977603583427
2017-07-01,1114,1884,17104533,84,1.6912028725314183
2017-07-08,785,1426,12440684,79,1.8165605095541402
2017-07-15,1120,2164,20511863,113,1.9321428571428572
2017-07-22,1096,1884,18183177,82,1.718978102189781
2017-07-29,1093,1731,13889656,88,1.5837145471180238
2017-08-05,988,1774,15980427,86,1.7955465587044535
2017-08-12,1101,1896,16505090,88,1.7220708446866484
2017-08-19,1036,2304,14896731,72,2.223938223938224
2017-08-26,963,1864,15413224,83,1.9356178608515058
2017-09-02,902,1821,13431681,79,2.018847006651885
2017-09-09,970,1937,14992756,75,1.9969072164948454
2017-09-16,1090,1853,14576671,83,1.7
2017-09-23,1284,2869,15898067,83,2.234423676012461
2017-09-30,1041,2094,16228145,96,2.011527377521614
2017-10-07,1041,1634,17052385,94,1.569644572526417
2017-10-14,1002,1436,14511731,84,1.43313373253493
2017-10-21,1041,1534,17274892,84,1.473583093179635
2017-10-28,1063,2218,16573601,94,2.0865475070555033
2017-11-04,1043,1500,15286239,84,1.4381591562799616
2017-11-11,1061,1832,12236053,88,1.7266729500471254
2017-11-18,871,1311,12717920,86,1.505166475315729
2017-11-25,808,1302,11697318,80,1.6113861386138615
2017-12-02,1067,1423,17436191,127,1.3336457357075915
2017-12-09,1043,1223,15331537,95,1.1725790987535953
2017-12-16,1006,1259,15033686,100,1.2514910536779325
2017-12-23,1069,1160,14404789,98,1.0851262862488307
2017-12-30,1215,1528,19172322,102,1.2576131687242798
2018-01-06,1299,2081,16487867,98,1.6020015396458815
2018-01-13,1331,1191,18304843,97,0.8948159278737791
2018-01-20,1276,1613,19316665,108,1.2641065830721003
2018-01-27,1430,1395,16870758,105,0.9755244755244755
2018-02-03,1458,2213,19927033,101,1.5178326474622772
2018-02-10,1257,1306,18942359,102,1.0389817024661894
2018-02-17,1290,1792,18405886,93,1.3891472868217054
2018-02-24,1231,2004,14360685,97,1.627944760357433
2018-03-03,1176,2216,20412642,108,1.8843537414965987
2018-03-10,1306,2082,18271582,103,1.5941807044410414
2018-03-17,1173,2318,18873897,113,1.9761295822676896
2018-03-24,959,1338,13229568,91,1.3952033368091763
2018-03-31,1181,1117,16821753,115,0.9458086367485182
2018-04-07,1098,1460,17715742,108,1.3296903460837888
2018-04-14,1130,1273,17117650,100,1.1265486725663716
2018-04-21,1088,1384,15947925,97,1.2720588235294117
2018-04-28,996,989,16290994,110,0.9929718875502008
2018-05-05,1050,1406,18932565,106,1.339047619047619
2018-05-12,1096,947,18912021,148,0.8640510948905109
2018-05-19,814,844,16135923,103,1.0368550368550369
2018-05-26,965,1206,17788624,111,1.249740932642487
2018-06-02,931,1636,19448697,107,1.757250268528464
2018-06-09,879,1461,14004030,98,1.6621160409556315
2018-06-16,922,1532,13224270,95,1.6616052060737527
2018-06-23,1071,1537,18007244,103,1.4351073762838469
2018-06-30,971,1295,16499087,92,1.333676622039135
2018-07-07,950,1497,16023808,105,1.5757894736842106
2018-07-14,966,1481,15979723,105,1.5331262939958592
2018-07-21,879,1575,16188043,102,1.7918088737201365
2018-07-28,962,1486,14482305,98,1.5446985446985446
2018-08-04,962,1103,17011414,103,1.1465696465696467
2018-08-11,885,1289,16242091,109,1.456497175141243
2018-08-18,607,1156,12577150,86,1.9044481054365734
2018-08-25,817,1019,14146325,93,1.2472460220318238
2018-09-01,1121,1054,19150154,107,0.9402319357716324
2018-09-08,998,1368,14297475,93,1.370741482965932
2018-09-15,905,1432,18003837,95,1.5823204419889503
2018-09-22,924,1421,14511189,92,1.5378787878787878
2018-09-29,856,1111,15874079,99,1.2978971962616823
2018-10-06,835,1268,14878485,102,1.518562874251497
2018-10-13,898,1324,14151771,107,1.4743875278396437
2018-10-20,679,1192,11973067,82,1.7555228276877761
2018-10-27,816,1255,12063560,83,1.5379901960784315
2018-11-03,777,1645,13827495,89,2.1171171171171173
2018-11-10,875,1543,11932219,103,1.7634285714285713
2018-11-17,851,1252,14056641,95,1.4712103407755581
2018-11-24,946,1238,12598286,109,1.3086680761099365
2018-12-01,884,1342,12169638,100,1.5180995475113122
2018-12-08,907,829,13667480,101,0.9140022050716649
2018-12-15,964,1172,10508507,96,1.2157676348547717
2018-12-22,887,755,11141856,93,0.8511837655016911
2018-12-29,910,1327,12456424,90,1.4582417582417582
2019-01-05,944,940,13151735,90,0.9957627118644068
2019-01-12,867,1066,11653596,96,1.2295271049596308
2019-01-19,944,1050,13695174,97,1.1122881355932204
2019-01-26,874,936,12710939,91,1.070938215102975
2019-02-02,846,726,11455477,92,0.8581560283687943
2019-02-09,973,890,10390639,109,0.9146968139773896
2019-02-16,1076,982,12931272,112,0.912639405204461
2019-02-23,951,947,11971513,94,0.9957939011566772
2019-03-02,1171,987,16286580,129,0.842869342442357
2019-03-09,1160,1097,15502296,111,0.9456896551724138
2019-03-16,1057,1118,12548231,107,1.0577105014191106
2019-03-23,1050,1280,12809267,89,1.2190476190476192
2019-03-30,879,1077,12195028,93,1.2252559726962458
2019-04-06,940,935,12259864,93,0.9946808510638298
2019-04-13,1011,990,14495198,113,0.9792284866468842
2019-04-20,992,1186,12625850,108,1.1955645161290323
2019-04-27,1196,1100,12760255,129,0.919732441471572
2019-05-04,1224,1126,17243925,100,0.9199346405228758
2019-05-11,1079,1267,13841279,111,1.1742354031510658
2019-05-18,981,981,12392802,110,1.0
2019-05-25,1258,1185,15488098,122,0.9419713831478538
2019-06-01,856,1342,13114648,83,1.5677570093457944
2019-06-08,961,1167,14371555,107,1.2143600416233091
2019-06-15,957,1284,14130366,103,1.341692789968652
2019-06-22,1002,1245,14345956,110,1.2425149700598803
2019-06-29,1058,1149,14039847,111,1.0860113421550095
2019-07-06,993,1167,12574032,104,1.1752265861027191
2019-07-13,1020,892,12088157,111,0.8745098039215686
2019-07-20,1024,975,14400250,109,0.9521484375
2019-07-27,1039,1252,12672424,119,1.205004812319538
2019-08-03,834,984,11099734,112,1.1798561151079137
2019-08-10,814,1022,10514375,81,1.2555282555282554
2019-08-17,908,895,11902083,113,0.98568281938326
2019-08-24,968,1471,12676777,110,1.5196280991735538
2019-08-31,836,863,10378006,114,1.0322966507177034
2019-09-07,804,675,13236882,105,0.8395522388059702
2019-09-14,884,565,12558284,120,0.6391402714932126
2019-09-21,917,578,13729799,121,0.6303162486368593
2019-09-28,855,423,15435952,114,0.49473684210526314
2019-10-05,1033,780,16682526,117,0.755082284607938
2019-10-12,1221,951,17138592,109,0.7788697788697788
2019-10-19,1446,690,15571070,121,0.47717842323651455
2019-10-26,1398,690,15618587,109,0.49356223175965663
2019-11-02,1461,605,16263855,117,0.4140999315537303
2019-11-09,1590,825,19611652,119,0.5188679245283019
2019-11-16,1407,923,24802886,128,0.6560056858564322
2019-11-23,1190,550,18674212,103,0.46218487394957986
2019-11-30,1122,546,15806445,108,0.48663101604278075
2019-12-07,1096,424,17337406,114,0.38686131386861317
2019-12-14,1202,675,16589959,124,0.5615640599001663
2019-12-21,1106,801,21616390,120,0.7242314647377939
2019-12-28,915,495,14140118,105,0.5409836065573771
2020-01-04,853,721,16656613,106,0.8452520515826495
2020-01-11,1220,698,24585752,113,0.5721311475409836
2020-01-18,1074,761,17448888,98,0.7085661080074488
2020-01-25,1243,785,18746565,110,0.6315366049879324
2020-02-01,1153,712,18505999,110,0.6175195143104943
2020-02-08,1110,808,16977331,107,0.7279279279279279
2020-02-15,1033,643,14039345,104,0.6224588576960309
2020-02-22,1141,804,21742709,111,0.7046450482033304
2020-02-29,1112,713,17740856,133,0.6411870503597122
2020-03-07,822,514,18013515,109,0.6253041362530414
2020-03-14,720,638,10836694,96,0.8861111111111111
2020-03-21,637,493,11316589,83,0.7739403453689168
2020-03-28,708,625,10564072,85,0.882768361581921
2020-04-04,706,828,9896381,84,1.1728045325779037
2020-04-11,692,637,10988187,92,0.9205202312138728
2020-04-18,817,575,11981301,94,0.7037943696450428
2020-04-25,885,652,14480799,99,0.7367231638418079
2020-05-02,776,533,10998217,98,0.6868556701030928
2020-05-09,830,671,12001011,109,0.808433734939759
2020-05-16,819,577,12565512,104,0.7045177045177046
2020-05-23,683,697,11022736,100,1.020497803806735
2020-05-30,867,422,11674641,95,0.4867358708189158
2020-06-06,958,641,14438949,100,0.6691022964509394
2020-06-13,894,622,13973022,110,0.6957494407158836
2020-06-20,981,661,13849030,109,0.6738022426095821
2020-06-27,928,494,13263049,115,0.5323275862068966
2020-07-04,880,584,14069689,115,0.6636363636363637
2020-07-11,1058,550,16380515,123,0.5198487712665406
2020-07-18,951,679,16344423,117,0.7139852786540484
2020-07-25,852,366,14098897,115,0.4295774647887324
2020-08-01,759,458,13735248,101,0.6034255599472991
2020-08-08,957,529,16397491,108,0.5527690700104493
2020-08-15,1123,867,16521851,122,0.7720391807658059
2020-08-22,911,633,15552240,112,0.6948408342480791
2020-08-29,840,546,13575225,115,0.65
2020-09-05,993,776,11512975,119,0.7814702920443102
2020-09-12,1120,721,16552611,113,0.64375
2020-09-19,935,530,12935138,116,0.5668449197860963
2020-09-26,1025,611,14752366,121,0.5960975609756097
2020-10-03,955,525,15736868,119,0.5497382198952879
2020-10-10,973,425,13479882,116,0.4367934224049332
2020-10-17,958,607,19105459,108,0.6336116910229646
2020-10-24,1074,581,14923643,133,0.5409683426443203
2020-10-31,880,630,14336720,112,0.7159090909090909
2020-11-07,1011,647,15463313,111,0.6399604352126608
2020-11-14,863,526,12691655,100,0.6095017381228274
2020-11-21,825,581,12465850,110,0.7042424242424242
2020-11-28,863,551,16097349,118,0.6384704519119351
2020-12-05,924,468,11807410,108,0.5064935064935064
2020-12-12,856,422,17962887,123,0.4929906542056075
2020-12-19,890,428,13421140,113,0.48089887640449436
2020-12-26,858,517,12053517,110,0.6025641025641025
2021-01-02,1007,471,15337303,117,0.46772591857000995
2021-01-09,892,435,14858957,119,0.4876681614349776
2021-01-16,916,463,16567794,116,0.5054585152838428
2021-01-23,912,453,16095245,118,0.4967105263157895
2021-01-30,917,451,15951072,119,0.49182115594329334
2021-02-06,1037,633,15668664,113,0.6104146576663452
2021-02-13,917,715,15503642,123,0.7797164667393675
2021-02-20,942,816,14608105,121,0.8662420382165605
2021-02-27,1105,846,16828229,124,0.7656108597285067
2021-03-06,1305,697,18170206,126,0.5340996168582376
2021-03-13,1292,1014,19345227,131,0.7848297213622291
2021-03-20,814,719,14491630,125,0.8832923832923832
2021-03-27,830,578,13998896,115,0.6963855421686747
2021-04-03,963,446,15342468,127,0.46313603322949115
2021-04-10,928,541,17759210,124,0.5829741379310345
2021-04-17,916,616,18953423,112,0.6724890829694323
2021-04-24,1208,623,20932748,136,0.515728476821192
2021-05-01,967,595,14603979,131,0.6153050672182007
2021-05-08,1762,765,29859807,158,0.43416572077185017
2021-05-15,1638,566,23787761,154,0.34554334554334554
2021-05-22,950,323,16911870,133,0.34
2021-05-29,802,478,14208116,111,0.5960099750623441
2021-06-05,981,432,15774652,105,0.44036697247706424
2021-06-12,990,358,19947114,115,0.3616161616161616
2021-06-19,968,471,15690657,127,0.4865702479338843
2021-06-26,1105,476,18124642,123,0.4307692307692308
2021-07-03,1047,559,14180802,128,0.5339063992359121
2021-07-10,939,387,17934243,107,0.41214057507987223
2021-07-17,766,459,11447671,105,0.5992167101827677
2021-07-24,947,645,14138643,115,0.6810982048574445
2021-07-31,851,424,13090873,113,0.4982373678025852
2021-08-07,862,402,13717250,110,0.46635730858468677
2021-08-14,878,514,12946232,102,0.5854214123006833
2021-08-21,868,322,13931757,111,0.3709677419354839
2021-08-28,928,523,12115141,120,0.5635775862068966
2021-09-04,802,349,14491981,109,0.43516209476309226
2021-09-11,1015,318,15518561,107,0.3133004926108374
2021-09-18,864,393,10573578,124,0.4548611111111111
2021-09-25,868,627,16093745,118,0.7223502304147466
2021-10-02,810,420,12366150,115,0.5185185185185185
2021-10-09,792,550,12591037,124,0.6944444444444444
2021-10-16,790,467,11390530,119,0.5911392405063292
2021-10-23,883,480,10182912,124,0.5436013590033975
2021-10-30,838,691,12975292,118,0.8245823389021479
2021-11-06,906,660,14025348,133,0.7284768211920529
2021-11-13,808,608,11570842,114,0.7524752475247525
2021-11-20,1000,600,17993529,130,0.6
2021-11-27,939,494,15558010,131,0.5260915867944622
2021-12-04,873,586,12896067,129,0.6712485681557846
2021-12-11,1152,576,14024025,132,0.5
2021-12-18,850,592,13440256,123,0.6964705882352941
2021-12-25,876,384,14817984,120,0.4383561643835616
2022-01-01,899,485,12859957,118,0.5394883203559511
2022-01-08,1240,504,17866853,135,0.4064516129032258
2022-01-15,816,779,15054646,102,0.9546568627450981
2022-01-22,874,649,16546172,111,0.7425629290617849
2022-01-29,1160,583,17619910,128,0.5025862068965518
2022-02-05,986,553,17322834,120,0.5608519269776876
2022-02-12,930,540,12976995,113,0.5806451612903226
2022-02-19,1012,461,14888402,129,0.45553359683794464
2022-02-26,816,372,11982419,126,0.45588235294117646
2022-03-05,781,410,14334745,139,0.5249679897567221
2022-03-12,808,711,14860358,128,0.879950495049505
2022-03-19,690,206,14150963,116,0.2985507246376812
2022-03-26,879,236,14771668,112,0.2684869169510808
2022-04-02,793,135,14022478,115,0.17023959646910466
2022-04-09,993,192,14713596,127,0.1933534743202417
2022-04-16,1172,320,17421693,140,0.27303754266211605
2022-04-23,1087,242,16262595,128,0.22263109475620976
2022-04-30,838,201,13524802,123,0.2398568019093079
2022-05-07,1152,272,16760303,127,0.2361111111111111
2022-05-14,1073,250,17094642,118,0.23299161230195714
2022-05-21,987,222,12202922,116,0.22492401215805471
2022-05-28,1114,216,17479674,119,0.19389587073608616
2022-06-04,1016,139,13079645,126,0.13681102362204725
2022-06-11,1037,271,16638875,128,0.26133076181292186
2022-06-18,955,218,13817531,125,0.22827225130890053
2022-06-25,825,175,12153448,112,0.21212121212121213
2022-07-02,978,206,12623250,139,0.21063394683026584
2022-07-09,707,111,11790400,94,0.157001414427157
2022-07-16,999,282,18972336,123,0.2822822822822823
2022-07-23,1036,290,12557283,115,0.2799227799227799
2022-07-30,908,184,17980966,109,0.2026431718061674
2022-08-06,1197,347,18679679,115,0.28989139515455303
2022-08-13,1010,233,15344874,112,0.2306930693069307
2022-08-20,830,181,16712718,100,0.21807228915662652
2022-08-27,987,227,20476225,111,0.22998986828774062
2022-09-03,958,255,17823892,110,0.2661795407098121
2022-09-10,987,199,16220814,101,0.2016210739614995
2022-09-17,1183,300,25834422,127,0.25359256128486896
2022-09-24,1114,289,20310063,124,0.2594254937163375
2022-10-01,1241,197,22297343,129,0.1587429492344883
2022-10-08,1161,266,23335159,119,0.22911283376399655
2022-10-15,1096,214,21424232,129,0.19525547445255476
2022-10-22,1112,229,26041608,125,0.20593525179856115
2022-10-29,1040,249,21000776,117,0.23942307692307693
2022-11-05,900,235,16719962,104,0.2611111111111111
2022-11-12,958,552,19505889,114,0.5762004175365344
2022-11-19,1159,367,27823891,122,0.3166522864538395
2022-11-26,942,232,19734919,116,0.24628450106157113
2022-12-03,931,234,19790085,119,0.2513426423200859
2022-12-10,945,358,18974535,124,0.37883597883597886
2022-12-17,861,257,17459769,119,0.29849012775842043
2022-12-24,837,301,16959838,112,0.35961768219832735
2022-12-31,848,231,14690313,105,0.27240566037735847
2023-01-07,854,238,16274337,115,0.2786885245901639
2023-01-14,891,432,15596444,108,0.48484848484848486
2023-01-21,1142,243,23648317,135,0.212784588441331
2023-01-28,963,178,19080213,116,0.18483904465212878
2023-02-04,575,128,14319710,95,0.22260869565217392
2023-02-11,797,386,16063841,108,0.48431618569636137
2023-02-18,920,182,16985796,116,0.19782608695652174
2023-02-25,1050,275,17621520,122,0.2619047619047619
2023-03-04,1081,280,20728071,134,0.2590194264569843
2023-03-11,863,246,17693722,120,0.2850521436848204
2023-03-18,888,214,16979140,114,0.240990990990991
2023-03-25,871,282,19111630,109,0.3237657864523536
2023-04-01,986,310,21478601,116,0.3144016227180527
2023-04-08,793,200,19114250,119,0.25220680958385877
2023-04-15,782,302,16833189,107,0.38618925831202044
2023-04-22,700,159,17154582,118,0.22714285714285715
2023-04-29,896,181,16299450,130,0.20200892857142858
2023-05-06,1009,188,18677156,120,0.1863230921704658
2023-05-13,804,141,18833325,111,0.17537313432835822
2023-05-20,831,114,15529258,114,0.1371841155234657
2023-05-27,889,161,15882482,124,0.18110236220472442
2023-06-03,856,121,14007718,105,0.1413551401869159
2023-06-10,832,216,12125392,118,0.25961538461538464
2023-06-17,1045,185,15886937,118,0.17703349282296652
2023-06-24,756,184,12938273,104,0.24338624338624337
2023-07-01,1035,191,16104497,119,0.18454106280193236
2023-07-08,988,181,15998631,123,0.18319838056680163
2023-07-15,1006,117,17709686,123,0.11630218687872763
2023-07-22,994,221,14906163,132,0.22233400402414488
2023-07-29,870,227,12817748,121,0.26091954022988506
2023-08-05,859,321,13696258,116,0.37369033760186265
2023-08-12,960,208,14912805,133,0.21666666666666667
2023-08-19,1169,184,15532026,122,0.15739948674080412
2023-08-26,1162,314,15051872,124,0.270223752151463
2023-09-02,1070,350,12784844,106,0.32710280373831774
2023-09-09,1010,217,12870385,122,0.21485148514851485
2023-09-16,972,217,13114121,126,0.22325102880658437
2023-09-23,994,228,17815238,127,0.22937625754527163
2023-09-30,1092,294,14393263,119,0.2692307692307692
2023-10-07,2531,4269,26916623,169,1.6866851047016989
2023-10-14,2445,2487,26073112,186,1.0171779141104293
2023-10-21,2126,3297,22474363,163,1.5507996237064912
2023-10-28,2159,2422,22261745,159,1.1218156553960166
2023-11-04,1999,1901,21356884,177,0.950975487743872
2023-11-11,1784,1447,18904752,154,0.8110986547085202
2023-11-18,1772,3022,18258704,145,1.7054176072234764
2023-11-25,1238,409,16657932,144,0.33037156704361875
2023-12-02,1685,2662,18923265,132,1.5798219584569733
2023-12-09,1753,1783,16985790,169,1.0171135196805476
2023-12-16,1536,1316,19982705,139,0.8567708333333334
2023-12-23,1672,1598,20239373,160,0.9557416267942583
2023-12-30,1627,1376,23081773,159,0.8457283343577136
2024-01-06,1606,1407,21864184,141,0.8760896637608966
2024-01-13,1670,1282,24987650,153,0.7676646706586826
2024-01-20,1431,1529,21632673,130,1.0684835779175401
2024-01-27,1507,1386,16438865,125,0.9197080291970803
2024-02-03,1630,1101,21710189,128,0.6754601226993865
2024-02-10,1620,1066,18437643,140,0.6580246913580247
2024-02-17,1647,987,20013028,146,0.599271402550091
2024-02-24,1557,956,21063269,132,0.6140012845215157
2024-03-02,1659,896,17618991,142,0.540084388185654
2024-03-09,1520,906,20067302,139,0.5960526315789474
2024-03-16,1627,845,23810951,138,0.519360786724032
2024-03-23,1589,904,20172081,130,0.5689112649465072
2024-03-30,1792,851,26767821,148,0.47488839285714285
2024-04-06,1195,763,13406585,119,0.6384937238493724
2024-04-13,1638,595,17490059,136,0.36324786324786323
2024-04-20,1511,522,17145028,136,0.3454665784248842
2024-04-27,1668,444,19440389,170,0.26618705035971224
2024-05-04,1790,492,17916549,172,0.2748603351955307
2024-05-11,1640,1016,19438078,153,0.6195121951219512
2024-05-18,1574,810,19577610,127,0.5146124523506989
2024-05-25,1867,729,20594893,162,0.39046598821638995
2024-06-01,1808,698,22146972,142,0.3860619469026549
2024-06-08,1605,812,19478823,135,0.5059190031152648
2024-06-15,1190,520,13690928,105,0.4369747899159664
2024-06-22,1545,654,16574111,114,0.42330097087378643
2024-06-29,1708,757,18784753,132,0.44320843091334894
2024-07-06,1916,738,18721851,113,0.38517745302713985
2024-07-13,1734,783,20392027,124,0.4515570934256055
2024-07-20,1775,631,18084144,148,0.3554929577464789
2024-07-27,1902,616,23413930,156,0.323869610935857
2024-08-03,1903,638,18581244,142,0.3352601156069364
2024-08-10,1680,801,16527328,130,0.4767857142857143
2024-08-17,1736,892,16577684,131,0.5138248847926268
2024-08-24,1588,613,17709592,129,0.38602015113350124
2024-08-31,1608,464,15181868,120,0.2885572139303483
2024-09-07,1477,522,14904840,123,0.35341909275558564
2024-09-14,1532,767,18003607,122,0.5006527415143603
2024-09-21,2507,1276,19811068,136,0.5089748703629836
2024-09-28,2524,988,20680261,142,0.39144215530903326
2024-10-05,2509,1019,23106848,158,0.40613790354722995
2024-10-12,2416,1073,21039480,139,0.44412251655629137
2024-10-19,2383,1291,20796737,130,0.541754091481326
2024-10-26,2353,1320,20368594,125,0.5609859753506162
2024-11-02,2174,970,19116119,137,0.44618215271389144
2024-11-09,2114,1016,18215531,121,0.4806054872280038
2024-11-16,2078,1034,16306682,124,0.49759384023099135
2024-11-23,2233,972,20427544,125,0.43528884908195253
2024-11-30,1988,1155,20609642,125,0.5809859154929577
2024-12-07,1718,962,19460579,116,0.559953434225844
2024-12-14,1515,690,19698807,129,0.45544554455445546
2024-12-21,1521,801,18851343,124,0.5266272189349113
2024-12-28,1357,651,16684868,133,0.4797347089167281
2025-01-04,1715,757,21648896,142,0.441399416909621
2025-01-11,1554,769,20096288,142,0.4948519948519948
2025-01-18,1168,486,17243386,126,0.4160958904109589
2025-01-25,1211,433,13913194,125,0.35755573905862925
2025-02-01,1029,334,14395371,124,0.32458697764820216
2025-02-08,1287,287,12862507,115,0.222999222999223
2025-02-15,1154,305,14507232,129,0.26429809358752165
2025-02-22,945,228,13158600,111,0.24126984126984127
2025-03-01,1096,858,14986640,121,0.7828467153284672
2025-03-08,1257,1784,16530353,132,1.4192521877486077
2025-03-15,1424,1085,17885044,142,0.761938202247191
2025-03-22,1684,541,19551840,154,0.32125890736342044
2025-03-29,1022,833,13973624,98,0.815068493150685
2025-04-05,1385,515,17150608,117,0.37184115523465705
2025-04-12,1416,557,14878971,126,0.393361581920904
2025-04-19,1341,604,15117997,119,0.45041014168530946
2025-04-26,1479,711,20509375,161,0.48073022312373226
2025-05-03,1319,557,15219699,125,0.422289613343442
2025-05-10,1251,584,16423854,120,0.46682653876898483
2025-05-17,1533,871,16468161,133,0.5681669928245271
2025-05-24,1584,638,18839544,126,0.4027777777777778
2025-05-31,1123,610,15082508,118,0.5431878895814782
2025-06-07,1354,923,29220862,131,0.6816838995568686
2025-06-14,1755,1138,43550807,145,0.6484330484330484
2025-06-21,1430,1057,31291789,137,0.7391608391608392
2025-06-28,1241,924,17432019,130,0.7445608380338437
2025-07-05,1218,762,15538944,119,0.625615763546798
2025-07-12,1353,1558,16474818,113,1.1515151515151516
2025-07-19,1248,892,14971835,137,0.7147435897435898
2025-07-26,1296,778,17205356,129,0.6003086419753086
2025-08-02,1370,731,17198982,128,0.5335766423357664
2025-08-09,1223,624,12824229,127,0.5102207686017989
2025-08-16,1246,531,15418863,128,0.4261637239165329
2025-08-23,1239,548,16863020,116,0.44229217110573044
2025-08-30,1083,587,14577805,137,0.5420129270544783
2025-09-06,1177,651,15855147,135,0.5531011045029737
2025-09-13,1305,550,14997480,125,0.421455938697318
2025-09-20,1309,553,16558591,125,0.42245989304812837
2025-09-27,1313,592,14816040,155,0.45087585681645087
2025-10-04,1390,211,17026910,171,0.15179856115107915
2025-10-11,1003,183,14721173,126,0.18245264207377868
2025-10-18,857,190,12802510,120,0.22170361726954493
2025-10-25,925,217,13344509,118,0.23459459459459459
2025-11-01,970,109,11557407,122,0.11237113402061856
2025-11-08,965,123,14369258,120,0.12746113989637306
2025-11-15,919,156,14826965,126,0.16974972796517954
2025-11-22,1025,228,12540029,134,0.2224390243902439
2025-11-29,1054,178,11927817,125,0.16888045540796964
2025-12-06,925,112,11363756,120,0.12108108108108108
2025-12-13,1207,127,14325376,133,0.1052195526097763
2025-12-20,1080,157,11535097,128,0.14537037037037037
2025-12-27,1032,123,14399718,134,0.11918604651162791
2026-01-03,1630,27696,26176494,147,16.991411042944787
2026-01-10,1147,322,15889669,147,0.2807323452484743
2026-01-17,1190,350,16212491,110,0.29411764705882354
2026-01-24,1072,191,12880345,113,0.17817164179104478
2026-01-31,1048,227,11704466,127,0.21660305343511452
2026-02-07,985,105,12988864,127,0.1065989847715736
2026-02-14,937,145,12903516,124,0.15474919957310565
2026-02-21,867,137,12060112,120,0.1580161476355248
2026-02-28,2698,873,61495129,175,0.3235730170496664
2026-03-07,2846,876,59799864,174,0.30780042164441324
2026-03-14,2346,578,51816462,160,0.2463768115942029
2026-03-21,2566,612,54355898,162,0.23850350740452064
2026-03-28,2860,448,56068609,158,0.15664335664335666
2026-04-04,2689,656,57135095,170,0.2439568612867237
2026-04-11,1911,362,15531960,155,0.18942961800104657
2026-04-18,1281,140,13479702,138,0.1092896174863388
2026-04-25,1415,251,15484805,155,0.1773851590106007
2026-05-02,1526,215,12172091,132,0.14089121887287026
2026-05-09,1534,213,12569700,138,0.13885267275097785
2026-05-16,1560,197,14440526,150,0.12628205128205128
2026-05-23,1392,332,11763810,124,0.23850574712643677
2026-05-30,1531,313,15367870,125,0.20444154147615937
2026-06-06,1662,309,23703419,136,0.18592057761732853
2026-06-13,1321,219,12375282,123,0.16578349735049205
2026-06-20,906,168,12056337,115,0.18543046357615894
2026-06-27,945,162,8942294,122,0.17142857142857143
