cell_id,cell_lat,cell_lon,detections,dark,expected,solas,solas_dark,mean_length_m,fishing_share,cell_area_km2,scenes,corridor,dark_rate,expected_rate,sdr,excess_dark,density_per_1k_km2,solas_dark_rate,dark_rate_lo,dark_rate_hi,p_value,q_value,is_dark_spot,matched,matched_share,area_type,days_observed,days_dark_majority,persistence
26.0_55.5,26.0,55.5,38,31,5.540925594452554,36,30,197.4937136,0.0,2772.3023971976045,4,Strait of Hormuz,0.8157894736842105,0.14581383143296195,5.5947331310560235,25.459074405547447,13.707018411271616,0.8333333333333334,0.6658083165848865,0.907783515467425,5.2013428631375e-20,1.999627367383972e-18,True,7,0.18421052631578946,Behavioural dark spot (selective switch-off),3,2,0.6666666666666666
25.5_54.5,25.5,54.5,136,128,26.177297394616584,117,111,188.8549460522059,0.058823529411764705,2784.1273041239665,5,Strait of Hormuz,0.9411764705882353,0.19248012790159252,4.889733194012742,101.82270260538341,48.84834102181717,0.9487179487179487,0.8882184758686555,0.969895275690251,1.0883347177709955e-80,2.2593828740925866e-78,True,8,0.058823529411764705,Behavioural dark spot (selective switch-off),3,2,0.6666666666666666
25.5_55.0,25.5,55.0,196,183,37.48968789175581,150,141,145.32906835255102,0.08163265306122448,2784.1273041239665,3,Strait of Hormuz,0.9336734693877551,0.19127391781508066,4.881342318142977,145.5103121082442,70.39907970791297,0.94,0.8898412082829473,0.9608325253140614,1.5140885925511352e-113,1.5716239590680785e-110,True,13,0.0663265306122449,Behavioural dark spot (selective switch-off),2,2,1.0
26.5_56.0,26.5,56.0,115,97,21.140924781211687,97,81,176.9463186321739,0.034782608695652174,2760.2663687102918,3,Strait of Hormuz,0.8434782608695652,0.18383412853227554,4.588257183820342,75.85907521878832,41.66264578796164,0.8350515463917526,0.7661108636409549,0.8986395267947175,5.705593453746006e-53,5.922406004988354e-51,True,18,0.1565217391304348,Behavioural dark spot (selective switch-off),3,3,1.0
44.0_37.5,44.0,37.5,144,113,24.636755600633602,120,93,162.0232283465278,0.027777777777777776,2214.144217918689,6,Black Sea,0.7847222222222222,0.17108858055995557,4.586642893721521,88.3632443993664,65.03641399446013,0.775,0.7106575528507035,0.8439901241224894,2.1553051918543563e-58,3.1960096987783165e-56,True,31,0.2152777777777778,Behavioural dark spot (selective switch-off),5,4,0.8
35.5_139.5,35.5,139.5,73,73,16.057992296795003,33,33,99.26188982191782,0.0547945205479452,2508.637392479843,1,Open ocean / other,1.0,0.2199724972163699,4.546022855831733,56.94200770320499,29.09946260820018,1.0,0.950006246616416,0.9999999999999999,9.837666912867016e-49,8.509581879629969e-47,True,0,0.0,AIS dead zone (reception / feed gap),1,1,1.0
-7.0_110.0,-7.0,110.0,28,28,6.282451638572464,16,16,119.16988174642857,0.0,3069.650727808555,1,Open ocean / other,1.0,0.22437327280615943,4.456858820541964,21.717548361427536,9.121558927321152,1.0,0.8793527963418923,1.0,6.717248860514397e-19,2.3241681057379813e-17,True,0,0.0,AIS dead zone (reception / feed gap),1,1,1.0
25.0_56.5,25.0,56.5,226,174,39.69965876593718,188,146,169.11638349115043,0.03982300884955752,2795.740188976926,3,Strait of Hormuz,0.7699115044247787,0.17566220692892556,4.3829092090155255,134.3003412340628,80.8372683881983,0.776595744680851,0.7107996097886456,0.8200007327080999,9.540455888584415e-85,2.4757483030876556e-82,True,52,0.23008849557522124,Behavioural dark spot (selective switch-off),3,2,0.6666666666666666
35.0_139.5,35.0,139.5,81,81,19.08120820468263,35,35,103.11464521975309,0.19753086419753085,2524.3016497044573,1,Open ocean / other,1.0,0.2355704716627485,4.245014211423057,61.918791795317375,32.08808266218239,1.0,0.954720325877871,0.9999999999999999,1.3860821499951526e-51,1.3079575197226987e-49,True,0,0.0,AIS dead zone (reception / feed gap),1,1,1.0
19.0_105.5,19.0,105.5,30,30,7.233056444763938,16,16,109.74439394,0.03333333333333333,2918.2515346938403,1,South China Sea,1.0,0.24110188149213127,4.147624206875534,22.76694355523606,10.28012823546664,1.0,0.8864829086095221,1.0,2.9242734761796135e-19,1.0840699529551567e-17,True,0,0.0,AIS dead zone (reception / feed gap),1,1,1.0
27.5_52.0,27.5,52.0,39,37,8.936279862140122,27,26,136.6172266128205,0.2564102564102564,2735.564629421435,4,Persian Gulf,0.9487179487179487,0.22913538108051595,4.140425386267948,28.063720137859878,14.256654578929982,0.9629629629629629,0.8311406095436208,0.9858223423536004,9.418393443871951e-22,3.760112459515033e-20,True,2,0.05128205128205128,Behavioural dark spot (selective switch-off),4,4,1.0
25.0_54.5,25.0,54.5,107,98,23.78709851436376,75,73,145.25535023364486,0.21495327102803738,2795.740188976926,2,Strait of Hormuz,0.9158878504672897,0.22230933190994168,4.119880360390446,74.21290148563624,38.272512024500955,0.9733333333333334,0.8478290663839783,0.9551185633867938,3.846428185000656e-53,4.43621384003409e-51,True,9,0.08411214953271028,Behavioural dark spot (selective switch-off),2,2,1.0
25.0_56.0,25.0,56.0,231,208,50.87926643718601,167,152,128.72809542987014,0.14285714285714285,2795.740188976926,3,Strait of Hormuz,0.9004329004329005,0.22025656466314292,4.088109254813853,157.120733562814,82.62570352953011,0.9101796407185628,0.8550304530556618,0.9327345766494672,2.072379121577417e-108,1.0755647640986794e-105,True,23,0.09956709956709957,Behavioural dark spot (selective switch-off),3,3,1.0
44.5_37.5,44.5,37.5,74,56,13.78430996749983,62,49,163.24025112837836,0.05405405405405406,2195.2374379563416,5,Black Sea,0.7567567567567568,0.18627445902026799,4.062590012270101,42.21569003250017,33.709337641804424,0.7903225806451613,0.6479345618473262,0.8402362876727247,2.5759047940017598e-26,1.3368945880869132e-24,True,18,0.24324324324324326,Behavioural dark spot (selective switch-off),5,4,0.8
44.5_36.5,44.5,36.5,127,99,28.66877209003487,85,66,123.0889386007874,0.13385826771653545,2195.2374379563416,3,Black Sea,0.7795275590551181,0.2257383629136604,3.453234749262663,70.33122790996512,57.85251189877245,0.7764705882352941,0.6998123036792052,0.8428285689484605,9.066195057114714e-40,6.721936049489338e-38,True,28,0.2204724409448819,Behavioural dark spot (selective switch-off),3,2,0.6666666666666666
44.0_37.0,44.0,37.0,92,55,16.32884859146726,80,48,167.06155152717392,0.043478260869565216,2214.144217918689,7,Black Sea,0.5978260869565217,0.17748748468986153,3.368271785479142,38.67115140853274,41.55104227423842,0.6,0.4956578768521757,0.6921520094602397,3.0418044557272777e-19,1.088756215532729e-17,True,37,0.40217391304347827,Behavioural dark spot (selective switch-off),5,4,0.8
25.5_55.5,25.5,55.5,34,30,9.056389351190159,22,20,138.42955944411764,0.17647058823529413,2784.1273041239665,4,Strait of Hormuz,0.8823529411764706,0.2663643926820635,3.312578427964507,20.94361064880984,12.212085255454292,0.9090909090909091,0.7337882520370121,0.9532862902656388,8.18576819661217e-14,1.8471363887137895e-12,True,4,0.11764705882352941,Behavioural dark spot (selective switch-off),3,2,0.6666666666666666
45.5_36.5,45.5,36.5,121,98,30.140962842869147,56,44,91.06120817603306,0.3140495867768595,2156.923803096975,5,Black Sea,0.8099173553719008,0.24909886646999296,3.2513891646691433,67.85903715713086,56.098411926404,0.7857142857142857,0.7308946400120011,0.8698666446879706,3.4579882335104047e-38,2.243369866489875e-36,True,23,0.19008264462809918,Behavioural dark spot (selective switch-off),4,4,1.0
27.0_56.0,27.0,56.0,230,165,50.80106140118666,149,115,132.19533482739132,0.06521739130434782,2748.0201352522117,4,Strait of Hormuz,0.717391304347826,0.22087418000515938,3.2479636340067843,114.19893859881334,83.69662108712706,0.7718120805369127,0.6559975739576385,0.7716423327142283,1.0678447873088773e-57,1.3855286115332682e-55,True,65,0.2826086956521739,Behavioural dark spot (selective switch-off),3,3,1.0
25.5_56.5,25.5,56.5,130,74,23.118139691111416,113,64,165.25556823461537,0.06153846153846154,2784.1273041239665,4,Strait of Hormuz,0.5692307692307692,0.17783184377778014,3.2009496001294564,50.881860308888584,46.693267153207586,0.5663716814159292,0.483326884526903,0.6511604497548151,1.7938527174058368e-23,7.758413002780244e-22,True,56,0.4307692307692308,Behavioural dark spot (selective switch-off),3,2,0.6666666666666666
45.0_36.5,45.0,36.5,197,172,54.086559493094875,113,96,104.40629510000001,0.27918781725888325,2176.1634821639595,4,Black Sea,0.8730964467005076,0.27455106341672525,3.1800876523114563,117.91344050690512,90.52628702513874,0.8495575221238938,0.8193742243848917,0.912545855917197,2.9046772000408667e-69,5.0250915560706995e-67,True,25,0.12690355329949238,Behavioural dark spot (selective switch-off),4,4,1.0
25.0_51.5,25.0,51.5,66,42,13.312684861665169,48,28,144.45856131666667,0.09090909090909091,2795.740188976926,5,Persian Gulf,0.6363636363636364,0.2017073463888662,3.1548857677043056,28.68731513833483,23.607343865580035,0.5833333333333334,0.5157941737921341,0.7419318805937907,2.046415404636404e-14,5.05756950002997e-13,True,24,0.36363636363636365,Behavioural dark spot (selective switch-off),5,2,0.4
26.5_54.5,26.5,54.5,95,89,28.34382320433786,24,22,74.27293913263158,0.021052631578947368,2760.2663687102918,2,Strait of Hormuz,0.9368421052631579,0.2983560337298722,3.1400139408990904,60.65617679566214,34.41696825962048,0.9166666666666666,0.8689918917654831,0.9707355104619193,1.9037018766493303e-39,1.3173616986413366e-37,True,6,0.06315789473684211,Behavioural dark spot (selective switch-off),2,2,1.0
25.0_55.0,25.0,55.0,222,211,67.46450420667816,104,99,103.17276400675676,0.3108108108108108,2795.740188976926,2,Strait of Hormuz,0.9504504504504504,0.3038941630931449,3.127570601476585,143.53549579332184,79.40652027513283,0.9519230769230769,0.9134660002725036,0.9721104391434409,1.7106781836101747e-93,5.918946515291205e-91,True,11,0.04954954954954955,"Elevated dark, unclassified",2,2,1.0
35.5_14.5,35.5,14.5,77,47,15.093059602950799,60,36,144.84743334285716,0.05194805194805195,2508.637392479843,3,Open ocean / other,0.6103896103896104,0.1960137610772831,3.1140140724556056,31.9069403970492,30.69395371001937,0.6,0.4987086179545712,0.7115791546773411,1.9569914321504743e-15,4.954529528224859e-14,True,30,0.38961038961038963,Behavioural dark spot (selective switch-off),3,2,0.6666666666666666
5.5_96.5,5.5,96.5,28,22,7.105617188140001,23,17,192.21161339285715,0.17857142857142858,3075.5239629307252,2,Open ocean / other,0.7857142857142857,0.2537720424335715,3.096142026440749,14.894382811859998,9.10413976203205,0.7391304347826086,0.6046105292072612,0.8978767829881058,5.631046131224476e-09,8.118091505848618e-08,True,6,0.21428571428571427,Behavioural dark spot (selective switch-off),2,1,0.5
25.0_53.5,25.0,53.5,56,39,12.607243262835338,35,23,150.0662102267857,0.07142857142857142,2795.740188976926,4,Persian Gulf,0.6964285714285714,0.22512934397920245,3.0934597823591923,26.39275673716466,20.030473582916393,0.6571428571428571,0.5666388751588567,0.8009983537922407,8.119303334344314e-14,1.8471363887137895e-12,True,17,0.30357142857142855,Behavioural dark spot (selective switch-off),4,3,0.75
25.5_52.0,25.5,52.0,44,29,9.541019196436348,27,18,164.4806701318182,0.022727272727272728,2784.1273041239665,6,Persian Gulf,0.6590909090909091,0.21684134537355337,3.039507562340064,19.45898080356365,15.80387503647026,0.6666666666666666,0.5113886797193951,0.7812436737136005,3.811570903143348e-10,6.0867855345581465e-09,True,15,0.3409090909090909,Behavioural dark spot (selective switch-off),4,2,0.5
18.0_106.0,18.0,106.0,45,35,11.646668191513823,21,14,107.26843819333332,0.1111111111111111,2935.5928018133336,3,South China Sea,0.7777777777777778,0.2588148487003072,3.005151295157721,23.353331808486175,15.329101492619557,0.6666666666666666,0.637304262026367,0.8745544813399436,5.02821260057588e-13,1.0233891528230907e-11,True,10,0.2222222222222222,Behavioural dark spot (selective switch-off),3,2,0.6666666666666666
25.0_54.0,25.0,54.0,99,88,29.345786314814685,57,50,152.0370623949495,0.25252525252525254,2795.740188976926,5,Persian Gulf,0.8888888888888888,0.2964220839880271,2.9987269400777583,58.65421368518531,35.411015798370045,0.8771929824561403,0.8119092356335661,0.9368150160311298,9.379972846435941e-35,5.727301067412062e-33,True,11,0.1111111111111111,Behavioural dark spot (selective switch-off),5,5,1.0
36.0_22.0,36.0,22.0,29,18,6.1789283904307535,19,10,147.58046661034484,0.1724137931034483,2492.782092805216,3,Open ocean / other,0.6206896551724138,0.2130664962217501,2.9131264942115895,11.821071609569247,11.633588063594148,0.5263157894736842,0.4400222620928496,0.7731220426913266,2.39757995081051e-06,1.929215495303341e-05,True,11,0.3793103448275862,Behavioural dark spot (selective switch-off),3,2,0.6666666666666666
36.0_22.5,36.0,22.5,30,19,6.582366799206215,23,14,142.07711943,0.13333333333333333,2492.782092805216,4,Open ocean / other,0.6333333333333333,0.21941222664020718,2.8864997317213104,12.417633200793784,12.0347462726836,0.6086956521739131,0.45513246433604937,0.7812629779598231,1.2856459549403966e-06,1.0890813056897281e-05,True,11,0.36666666666666664,Behavioural dark spot (selective switch-off),4,2,0.5
20.0_86.5,20.0,86.5,52,52,18.14306605159913,25,25,118.0248914576923,0.36538461538461536,2900.021339887193,2,Bay of Bengal,1.0,0.34890511637690635,2.8661087300300445,33.856933948400865,17.930902536745723,1.0,0.9312054095871178,1.0,1.662576270037303e-24,7.503278992603132e-23,True,0,0.0,AIS dead zone (reception / feed gap),2,2,1.0
20.5_87.0,20.5,87.0,25,25,8.759996345129569,15,15,121.071059492,0.24,2890.5746194115304,2,Bay of Bengal,1.0,0.35039985380518274,2.853882469243225,16.24000365487043,8.648799388230136,1.0,0.8668035060468213,1.0,4.11242421255059e-12,7.62267202254913e-11,True,0,0.0,AIS dead zone (reception / feed gap),2,2,1.0
46.5_38.0,46.5,38.0,81,46,16.225248005438623,58,34,114.57807807530864,0.0,2117.9531483526007,5,Black Sea,0.5679012345679012,0.2003117037708472,2.83508763530647,29.774751994561377,38.24447205690264,0.5862068965517241,0.4593724052942849,0.6702809722940679,3.7819183880813724e-13,7.85126257365693e-12,True,35,0.43209876543209874,Behavioural dark spot (selective switch-off),5,2,0.4
29.0_50.0,29.0,50.0,27,20,7.069801252050536,17,17,183.41442030740743,0.07407407407407407,2696.9520422927276,3,Persian Gulf,0.7407407407407407,0.26184449081668654,2.8289338394341947,12.930198747949465,10.011301490198843,1.0,0.553210695973843,0.8682979157713322,2.7519948404439327e-07,2.746702542673848e-06,True,7,0.25925925925925924,Behavioural dark spot (selective switch-off),2,2,1.0
-33.0_-72.0,-33.0,-72.0,26,19,6.833097277051321,18,12,152.92156487307693,0.3076923076923077,2599.7160620505924,4,Open ocean / other,0.7307692307692307,0.2628114337327431,2.7805838596518635,12.166902722948679,10.001092188310686,0.6666666666666666,0.5391659658023868,0.8629572447493261,8.332004871926059e-07,7.329339878863771e-06,True,7,0.2692307692307692,Behavioural dark spot (selective switch-off),3,2,0.6666666666666666
25.5_53.0,25.5,53.0,45,27,9.870248808720694,35,20,189.02091606444446,0.06666666666666667,2784.1273041239665,4,Persian Gulf,0.6,0.2193388624160154,2.7354933521173854,17.129751191279304,16.163054014571856,0.5714285714285714,0.4545159420914473,0.7297532055204246,3.923702398441199e-08,4.791533046567017e-07,True,18,0.4,Behavioural dark spot (selective switch-off),3,1,0.3333333333333333
24.5_56.5,24.5,56.5,193,105,39.318286772504905,127,69,138.89942833626944,0.07253886010362694,2807.140167390364,3,Gulf of Oman,0.5440414507772021,0.20372169312178706,2.670513102657006,65.6817132274951,68.75324653966993,0.5433070866141733,0.4735979211654248,0.6127659368808418,2.394262922340758e-25,1.1296567788135031e-23,True,88,0.45595854922279794,Behavioural dark spot (selective switch-off),2,1,0.5
22.0_91.0,22.0,91.0,71,71,26.727388832368813,1,1,53.41825866197183,0.19718309859154928,2860.9166486724735,2,Bay of Bengal,1.0,0.37644209623054664,2.6564510452294474,44.27261116763118,24.81722074389882,1.0,0.9486702582520953,1.0000000000000002,7.491538273548042e-31,4.092745646285719e-29,True,0,0.0,AIS dead zone (reception / feed gap),2,2,1.0
6.0_95.5,6.0,95.5,32,17,6.673492336186359,28,13,184.926887284375,0.125,3072.7043445357876,3,Open ocean / other,0.53125,0.20854663550582372,2.547391851762407,10.32650766381364,10.414278893088373,0.4642857142857143,0.3644923793257382,0.6913087009831766,5.747885318017967e-05,0.00034890672281302044,True,15,0.46875,Behavioural dark spot (selective switch-off),3,1,0.3333333333333333
-6.0_109.5,-6.0,109.5,32,23,9.030096155508012,10,6,91.0248823125,0.09375,3075.5239629307252,4,Open ocean / other,0.71875,0.2821905048596254,2.547038215752651,13.969903844491988,10.404731156608056,0.6,0.546251630618882,0.8443559315435214,3.8190740479167e-07,3.6368796896674626e-06,True,9,0.28125,Behavioural dark spot (selective switch-off),4,4,1.0
11.5_-70.5,11.5,-70.5,42,17,6.743683472344347,36,17,174.90974685,0.0,3026.3046078266293,1,Open ocean / other,0.40476190476190477,0.16056389219867492,2.52087751000125,10.256316527655652,13.87831214722391,0.4722222222222222,0.27042647671209086,0.5550595447182258,0.00013526024021182136,0.0007843582644685507,True,25,0.5952380952380952,Behavioural dark spot (selective switch-off),1,0,0.0
25.5_51.5,25.5,51.5,255,151,61.228198643991824,116,73,114.65230759294117,0.07058823529411765,2784.1273041239665,8,Persian Gulf,0.592156862745098,0.240110582917615,2.46618393720811,89.77180135600818,91.5906394159072,0.6293103448275862,0.5309042197441817,0.6506740118847373,5.271163871396059e-33,3.0397044991717273e-31,True,104,0.40784313725490196,Behavioural dark spot (selective switch-off),4,2,0.5
24.5_54.5,24.5,54.5,37,35,14.261388338727462,9,8,75.50023611891892,0.4864864864864865,2807.140167390364,2,Persian Gulf,0.9459459459459459,0.3854429280737152,2.4541790160047654,20.738611661272536,13.18067420708698,0.8888888888888888,0.822950349364601,0.9850493372294601,8.400867504072518e-13,1.6769423979283217e-11,True,2,0.05405405405405406,Behavioural dark spot (selective switch-off),2,2,1.0
38.5_125.0,38.5,125.0,38,38,15.505933574418634,6,6,57.36973645526316,0.5789473684210527,2410.682722189525,2,Open ocean / other,1.0,0.4080508835373325,2.4506747573517025,22.494066425581366,15.763169350417938,1.0,0.90818706741616,0.9999999999999999,1.6111807228423622e-15,4.18101397577593e-14,True,0,0.0,AIS dead zone (reception / feed gap),2,2,1.0
25.5_53.5,25.5,53.5,61,36,14.698225528346558,50,26,200.66123023114756,0.14754098360655737,2784.1273041239665,5,Persian Gulf,0.5901639344262295,0.2409545168581403,2.449275249625982,21.30177447165344,21.909917664197405,0.52,0.46499566253828867,0.7046485165072622,6.361104829920491e-09,9.044968237612972e-08,True,25,0.4098360655737705,Behavioural dark spot (selective switch-off),4,2,0.5
36.0_23.0,36.0,23.0,32,15,6.134651556923883,23,13,134.90180885,0.0625,2492.782092805216,5,Open ocean / other,0.46875,0.19170786115387134,2.445126648321245,8.865348443076117,12.837062690862508,0.5652173913043478,0.30869129901682335,0.6355076206742619,0.00034832449707727686,0.0017723569998343792,True,17,0.53125,Behavioural dark spot (selective switch-off),5,2,0.4
36.0_15.0,36.0,15.0,33,19,7.820435253317897,24,14,157.07706603333332,0.15151515151515152,2492.782092805216,5,Open ocean / other,0.5757575757575758,0.2369828864641787,2.429532293862936,11.179564746682104,13.23822089995196,0.5833333333333334,0.4080697369146003,0.7276464100497011,3.099078962990417e-05,0.00020105274772400328,True,14,0.42424242424242425,Behavioural dark spot (selective switch-off),4,2,0.5
54.0_18.5,54.0,18.5,48,27,11.13451266604926,32,17,129.96640233125,0.10416666666666667,1805.9605043192446,5,Open ocean / other,0.5625,0.23196901387602623,2.4248928363364217,15.86548733395074,26.57865434221861,0.53125,0.4227477150100165,0.6929894535958907,8.258804336448895e-07,7.327041795926455e-06,True,21,0.4375,Behavioural dark spot (selective switch-off),5,3,0.6
24.5_54.0,24.5,54.0,197,165,68.59504527308248,51,41,80.48042197715736,0.30456852791878175,2807.140167390364,7,Persian Gulf,0.8375634517766497,0.34819819935574864,2.4054215482054357,96.40495472691752,70.17818429178745,0.803921568627451,0.7796868132970542,0.8825265926905499,2.2177773238109883e-45,1.7708098939352352e-43,True,32,0.16243654822335024,Behavioural dark spot (selective switch-off),5,4,0.8
5.5_97.0,5.5,97.0,35,19,7.986752253673996,28,13,197.56330683428573,0.17142857142857143,3075.5239629307252,3,Open ocean / other,0.5428571428571428,0.22819292153354273,2.378939448291987,11.013247746326005,11.380174702540062,0.4642857142857143,0.38189451340137515,0.6953422636623914,5.365115526873628e-05,0.00033347245011346264,True,16,0.45714285714285713,Behavioural dark spot (selective switch-off),3,1,0.3333333333333333
-4.0_106.0,-4.0,106.0,38,33,13.91338814080745,9,5,66.68966997894736,0.23684210526315788,3084.458426322437,2,Open ocean / other,0.868421052631579,0.3661417931791434,2.37181624389621,19.08661185919255,12.319828880075697,0.5555555555555556,0.7267282994850112,0.9424621712426856,2.2325417695274442e-10,3.6209036824523234e-09,True,5,0.13157894736842105,Behavioural dark spot (selective switch-off),2,2,1.0
-1.5_104.5,-1.5,104.5,26,23,10.087559420020906,3,2,59.85351678461538,0.07692307692307693,3090.341066185425,2,Open ocean / other,0.8846153846153846,0.3879830546161887,2.2800361358319843,12.912440579979094,8.41331084277154,0.6666666666666666,0.7102370691310166,0.959968281788505,2.2528367682013503e-07,2.2925927111696092e-06,True,3,0.11538461538461539,Behavioural dark spot (selective switch-off),2,2,1.0
-3.5_106.0,-3.5,106.0,37,29,12.83778407636892,6,5,70.87230117567567,0.16216216216216217,3086.105189124408,2,Open ocean / other,0.7837837837837838,0.34696713719916,2.258956828334696,16.16221592363108,11.989221926196777,0.8333333333333334,0.628045387261231,0.8861362314804442,6.905148135834717e-08,8.053419960670154e-07,True,8,0.21621621621621623,Behavioural dark spot (selective switch-off),2,2,1.0
24.5_57.0,24.5,57.0,45,32,14.203782744504382,22,12,106.92634241777778,0.3333333333333333,2807.140167390364,3,Gulf of Oman,0.7111111111111111,0.3156396165445418,2.2529209701113735,17.79621725549562,16.030549711322006,0.5454545454545454,0.5663118252773978,0.8227008196809984,6.042081999779057e-08,7.126910358830297e-07,True,13,0.28888888888888886,Behavioural dark spot (selective switch-off),2,1,0.5
-6.0_119.5,-6.0,119.5,53,36,16.018869876925585,13,3,79.25776695849056,0.03773584905660377,3075.5239629307252,5,Open ocean / other,0.6792452830188679,0.30224282786652046,2.247349549412114,19.981130123074415,17.232835978132094,0.23076923076923078,0.5451826763724886,0.7890795541065968,1.735325140813325e-08,2.2237870323015205e-07,True,17,0.32075471698113206,"Elevated dark, unclassified",5,4,0.8
-2.5_116.5,-2.5,116.5,33,27,12.132459593951413,8,6,75.14173958787879,0.2727272727272727,3088.693550643103,3,Open ocean / other,0.8181818181818182,0.3676502907258004,2.2254349821581716,14.867540406048587,10.68412889104165,0.75,0.656114329507048,0.9138934877430174,1.4894892774260426e-07,1.5939070824414765e-06,True,6,0.18181818181818182,Behavioural dark spot (selective switch-off),3,3,1.0
25.0_121.0,25.0,121.0,30,22,10.246728176962161,14,9,108.58044605666667,0.36666666666666664,2795.740188976926,2,Taiwan Strait,0.7333333333333333,0.34155760589873874,2.1470267991945815,11.753271823037839,10.730610847990924,0.6428571428571429,0.5555169795568831,0.8581750444608938,1.3647199002803504e-05,9.702597647198656e-05,True,8,0.26666666666666666,Behavioural dark spot (selective switch-off),2,2,1.0
24.0_120.0,24.0,120.0,50,30,14.007121856873228,27,13,118.26580502200001,0.32,2818.326371211741,4,Taiwan Strait,0.6,0.28014243713746456,2.1417676169697306,15.992878143126772,17.741025493261972,0.48148148148148145,0.4618118910275937,0.7239181021375425,2.299201595566046e-06,1.8645087939043405e-05,True,20,0.4,Behavioural dark spot (selective switch-off),3,2,0.6666666666666666
24.0_58.0,24.0,58.0,25,13,6.13419459698195,19,8,181.47904390399998,0.16,2818.326371211741,7,Gulf of Oman,0.52,0.245367783879278,2.1192676225817904,6.86580540301805,8.870512746630986,0.42105263157894735,0.334982179531473,0.6996899607103998,0.0028213324070336864,0.01215163086514924,True,12,0.48,Behavioural dark spot (selective switch-off),5,3,0.6
26.5_53.0,26.5,53.0,32,24,11.463970117200017,3,2,57.693773321875,0.53125,2760.2663687102918,3,Persian Gulf,0.75,0.3582490661625005,2.0935155757246346,12.536029882799983,11.593084045345847,0.6666666666666666,0.5789310822975338,0.8674775601737845,7.308156324264319e-06,5.4574577443067364e-05,True,8,0.25,Behavioural dark spot (selective switch-off),3,2,0.6666666666666666
17.0_107.5,17.0,107.5,55,55,26.379452046759653,1,1,42.496568839999995,0.6727272727272727,2952.039858927605,3,South China Sea,1.0,0.4796264008501755,2.084956120487574,28.620547953240347,18.631184749646295,1.0,0.9347128562105721,0.9999999999999999,2.8162385312678434e-18,9.135173735800066e-17,True,0,0.0,AIS dead zone (reception / feed gap),3,3,1.0
16.0_96.0,16.0,96.0,36,29,14.1489730886778,12,9,77.186283625,0.25,2967.587696103858,3,Open ocean / other,0.8055555555555556,0.39302703024104996,2.0496187121315677,14.8510269113222,12.131065257907746,0.75,0.6497163793648479,0.9024702798054665,5.140027842745169e-07,4.721547699796005e-06,True,7,0.19444444444444445,Behavioural dark spot (selective switch-off),3,3,1.0
34.5_10.5,34.5,10.5,74,61,29.82707740150785,29,20,83.01599061081082,0.3783783783783784,2539.7736715851565,6,Open ocean / other,0.8243243243243243,0.40306861353388984,2.0451215913268213,31.17292259849215,29.13645449116502,0.6896551724137931,0.7222779521065887,0.8943589104450547,1.259393280720668e-13,2.7813834582724544e-12,True,13,0.17567567567567569,Behavioural dark spot (selective switch-off),6,4,0.6666666666666666
5.5_80.5,5.5,80.5,49,17,8.35097293068908,42,14,179.6761066367347,0.10204081632653061,3075.5239629307252,4,Dondra Head / Sri Lanka corridor,0.3469387755102041,0.1704280189936547,2.0356909477608913,8.64902706931092,15.932244583556088,0.3333333333333333,0.2292420960931444,0.4868906478056021,0.002186953108366916,0.009659818410573867,True,32,0.6530612244897959,"Elevated dark, unclassified",2,1,0.5
-5.0_122.0,-5.0,122.0,40,34,16.745145877929797,4,2,52.8709066625,0.3,3080.4603636605075,4,Open ocean / other,0.85,0.4186286469482449,2.0304391641527713,17.254854122070203,12.985072124891113,0.5,0.7092737396097997,0.9293890829149256,2.3374338430035094e-08,2.9588491817532224e-07,True,6,0.15,Behavioural dark spot (selective switch-off),3,3,1.0
-6.0_120.0,-6.0,120.0,27,17,8.3863029549449,7,2,77.8509696962963,0.037037037037037035,3075.5239629307252,4,Open ocean / other,0.6296296296296297,0.3106038131461074,2.027114938648397,8.6136970450551,8.778991913388047,0.2857142857142857,0.442289046234463,0.7846771293206314,0.0006270149643303564,0.003027169920813535,True,10,0.37037037037037035,"Elevated dark, unclassified",4,3,0.75
25.0_52.5,25.0,52.5,42,23,11.412478363516797,20,8,140.26848772619047,0.07142857142857142,2795.740188976926,3,Persian Gulf,0.5476190476190477,0.2717256753218285,2.0153378843219523,11.587521636483203,15.022855187187293,0.4,0.39948862747122693,0.6877683618136149,0.00014609754933311918,0.000833237671471306,True,19,0.4523809523809524,Behavioural dark spot (selective switch-off),3,1,0.3333333333333333
9.5_102.0,9.5,102.0,30,27,13.431231772229246,4,1,57.47767893333333,0.5,3046.429330018552,4,Open ocean / other,0.9,0.4477077257409749,2.0102400478134763,13.568768227770754,9.847594265322186,0.25,0.7437855868473339,0.9654007400402839,2.818682067707126e-07,2.7864685583619016e-06,True,3,0.1,"Elevated dark, unclassified",3,3,1.0
20.5_87.5,20.5,87.5,49,41,20.490045320009827,24,16,102.73356499591836,0.46938775510204084,2890.5746194115304,4,Bay of Bengal,0.8367346938775511,0.4181641902042822,2.0009716601241925,20.509954679990173,16.951646800931066,0.6666666666666666,0.7096339333048477,0.9148740301179102,2.042755363876404e-09,3.118205981917217e-08,True,8,0.16326530612244897,Behavioural dark spot (selective switch-off),4,2,0.5
17.0_108.0,17.0,108.0,34,32,16.15090970774961,5,4,59.5422689882353,0.4411764705882353,2952.039858927605,3,South China Sea,0.9411764705882353,0.4750267561102826,1.9813125439395902,15.849090292250391,11.51745966341771,0.8,0.8090606311053629,0.9837176869361576,7.379085645578568e-09,1.0078277500145465e-07,True,2,0.058823529411764705,Behavioural dark spot (selective switch-off),3,3,1.0
-4.5_116.0,-4.5,116.0,40,21,10.939838683988592,11,3,87.6123139,0.1,3082.576770069333,4,Open ocean / other,0.525,0.2734959670997148,1.9195895484944703,10.060161316011408,12.976156956863177,0.2727272727272727,0.37497106853929735,0.6706477044981831,0.000661208567335781,0.003148323361901563,True,19,0.475,"Elevated dark, unclassified",3,2,0.6666666666666666
-1.0_117.0,-1.0,117.0,40,23,12.001267247447574,9,7,77.9217544625,0.1,3090.8118386878423,2,Open ocean / other,0.575,0.30003168118618934,1.9164642804610184,10.998732752552426,12.941583663980463,0.7777777777777778,0.42194800436059987,0.7149083147518411,0.00027507879786859975,0.001439111173447019,True,17,0.425,Behavioural dark spot (selective switch-off),2,2,1.0
29.0_49.0,29.0,49.0,58,25,13.154144047013396,39,19,164.96492595344827,0.13793103448275862,2696.9520422927276,5,Persian Gulf,0.43103448275862066,0.22679558701747235,1.9005417540395693,11.845855952986604,21.505758756723445,0.48717948717948717,0.3118160080083492,0.5588212329427257,0.00043644038919476416,0.002178005403770025,True,33,0.5689655172413793,Behavioural dark spot (selective switch-off),4,1,0.25
53.5_1.5,53.5,1.5,78,74,39.005305601271466,3,1,37.0260214948718,0.9230769230769231,1827.7834521350646,5,Open ocean / other,0.9487179487179487,0.5000680205291214,1.8971778033598536,34.994694398728534,42.67463955256127,0.3333333333333333,0.8754314334594728,0.9798793131534966,5.029292799530676e-18,1.581941189670558e-16,True,4,0.05128205128205128,"Elevated dark, unclassified",5,4,0.8
23.5_58.0,23.5,58.0,41,29,15.424541259325496,20,9,142.21999868536585,0.43902439024390244,2829.297948568382,5,Gulf of Oman,0.7073170731707317,0.37620832339818283,1.8801207447558248,13.575458740674504,14.491227415884532,0.45,0.5552024292386027,0.8239098236694112,1.7413266367810507e-05,0.00011970179132309475,True,12,0.2926829268292683,Behavioural dark spot (selective switch-off),5,5,1.0
36.5_5.0,36.5,5.0,32,15,8.001894001306207,26,10,136.06202863125,0.15625,2476.736958123057,3,Open ocean / other,0.46875,0.25005918754081896,1.874556198513932,6.998105998693793,12.920225498734645,0.38461538461538464,0.30869129901682335,0.6355076206742619,0.005977490995487559,0.02433190452280818,True,17,0.53125,Behavioural dark spot (selective switch-off),3,1,0.3333333333333333
22.5_91.5,22.5,91.5,40,40,21.39825141823287,1,1,33.672249965,0.675,2850.5938981832446,4,Open ocean / other,1.0,0.5349562854558217,1.8693116188884986,18.60174858176713,14.032163622286923,1.0,0.9123754607496077,1.0,1.3574748267433889e-11,2.4294118451028234e-10,True,0,0.0,"Blackout, cause unresolved",3,3,1.0
35.0_35.5,35.0,35.5,40,14,7.505962362611065,27,9,145.7999652275,0.05,2524.3016497044573,7,Eastern Mediterranean,0.35,0.18764905906527662,1.865183879649762,6.494037637388935,15.845966746756735,0.3333333333333333,0.2213433317104915,0.5049440300646263,0.011294000430877417,0.04440595623958621,True,26,0.65,"Elevated dark, unclassified",6,2,0.3333333333333333
35.5_134.0,35.5,134.0,31,30,16.138498360135888,2,1,34.9482513032258,0.9354838709677419,2508.637392479843,3,Open ocean / other,0.967741935483871,0.520596721294706,1.8589090094096832,13.861501639864112,12.357306039098708,0.5,0.8380554282383037,0.9942829259130554,4.809040585819785e-08,5.737682905840157e-07,True,1,0.03225806451612903,"Elevated dark, unclassified",3,3,1.0
32.5_34.5,32.5,34.5,32,14,7.538094015527218,18,5,106.752781259375,0.0625,2599.7160620505924,4,Eastern Mediterranean,0.4375,0.23556543798522556,1.8572334029215254,6.461905984472782,12.309036539459306,0.2777777777777778,0.2816508596944317,0.6067469796877387,0.009331162977459274,0.03725287373308741,True,18,0.5625,"Elevated dark, unclassified",3,2,0.6666666666666666
17.5_106.5,17.5,106.5,63,57,30.862108315849365,14,11,61.312381244444445,0.5079365079365079,2943.9284261442276,5,South China Sea,0.9047619047619048,0.48987473517221214,1.8469250194008104,26.137891684150635,21.39997679308849,0.7857142857142857,0.807380773471272,0.9556171200561122,2.868116823181662e-12,5.412918659022845e-11,True,6,0.09523809523809523,Behavioural dark spot (selective switch-off),4,3,0.75
-4.0_116.0,-4.0,116.0,32,22,11.92845418356916,7,3,61.190729465625,0.15625,3084.458426322437,3,Open ocean / other,0.6875,0.37276419323653626,1.8443295050169939,10.07154581643084,10.374592741116379,0.42857142857142855,0.514330003019676,0.8204764788338126,0.0003013054225050048,0.0015559951669661442,True,10,0.3125,Behavioural dark spot (selective switch-off),3,3,1.0
28.0_-15.5,28.0,-15.5,56,21,11.388887850371146,43,16,150.89741919285714,0.08928571428571429,2722.900799752918,5,Open ocean / other,0.375,0.2033729973280562,1.8439026071641966,9.611112149628854,20.566301939858246,0.37209302325581395,0.26010029646692184,0.505948739655107,0.0023000959936073876,0.010073838149217166,True,35,0.625,Behavioural dark spot (selective switch-off),4,2,0.5
17.0_107.0,17.0,107.0,52,48,26.072743760584668,6,5,51.563799261538456,0.5192307692307693,2952.039858927605,4,South China Sea,0.9230769230769231,0.5013989184727821,1.8410030198879086,21.927256239415332,17.6149383087565,0.8333333333333334,0.8182618931787533,0.9696811457026542,7.390446352100033e-11,1.2176640180126721e-09,True,4,0.07692307692307693,Behavioural dark spot (selective switch-off),4,4,1.0
26.0_50.5,26.0,50.5,49,36,19.58566024412365,16,8,75.84259799387756,0.40816326530612246,2772.3023971976045,2,Persian Gulf,0.7346938775510204,0.3997073519208908,1.8380794699428733,16.41433975587635,17.674839530323926,0.5,0.5973744384734165,0.8378886875485057,2.05455788632806e-06,1.679237075597265e-05,True,13,0.2653061224489796,Behavioural dark spot (selective switch-off),2,2,1.0
26.0_52.0,26.0,52.0,25,15,8.167099212349724,5,4,75.366135508,0.28,2772.3023971976045,5,Persian Gulf,0.6,0.32668396849398895,1.8366374167853912,6.832900787650276,9.017775270573432,0.8,0.40739127785127344,0.7659694233580909,0.004519179999810646,0.018688879839854382,True,10,0.4,Behavioural dark spot (selective switch-off),5,4,0.8
27.5_51.5,27.5,51.5,47,30,16.41792831567773,15,10,77.91264300212765,0.1702127659574468,2735.564629421435,4,Persian Gulf,0.6382978723404256,0.34931762373782405,1.8272707386200817,13.582071684322269,17.181096543838695,0.6666666666666666,0.4953563457177046,0.7603397771423157,5.097241964942923e-05,0.00031873115419341893,True,17,0.3617021276595745,Behavioural dark spot (selective switch-off),4,3,0.75
29.5_49.0,29.5,49.0,34,20,11.034706351946413,21,11,117.98722270294118,0.29411764705882354,2683.6690905993105,4,Persian Gulf,0.5882352941176471,0.32455018682195336,1.8124632737936155,8.965293648053587,12.66922219251972,0.5238095238095238,0.42221304146519273,0.7363426221431113,0.001386791981923249,0.006285982870027652,True,14,0.4117647058823529,Behavioural dark spot (selective switch-off),4,3,0.75
24.0_54.0,24.0,54.0,48,32,17.80566433303679,3,2,56.152785916666666,0.10416666666666667,2818.326371211741,5,Persian Gulf,0.6666666666666666,0.3709513402715998,1.7971809083599823,14.194335666963209,17.031384473531492,0.6666666666666666,0.5253984633247204,0.783233986291032,3.0963792164015856e-05,0.00020105274772400328,True,16,0.3333333333333333,Behavioural dark spot (selective switch-off),5,4,0.8
24.0_52.5,24.0,52.5,39,25,13.929142403106948,13,7,88.50818900769231,0.20512820512820512,2818.326371211741,5,Persian Gulf,0.6410256410256411,0.35715749751556275,1.794798220630127,11.070857596893052,13.837999884744338,0.5384615384615384,0.484178631846895,0.772581153035089,0.00028879695216974324,0.0014988561817609674,True,14,0.358974358974359,Behavioural dark spot (selective switch-off),3,2,0.6666666666666666
17.5_108.0,17.5,108.0,70,68,37.999367456025496,2,2,36.45319150428572,0.6857142857142857,2943.9284261442276,3,South China Sea,0.9714285714285714,0.54284810651465,1.7895034720957534,30.000632543974504,23.77775199232055,1.0,0.9016755648760818,0.9921295531061937,4.743577599718959e-16,1.2957456706600738e-14,True,2,0.02857142857142857,"Blackout, cause unresolved",3,3,1.0
-4.0_122.0,-4.0,122.0,29,22,12.29624049360772,6,3,64.36284380000001,0.4482758620689655,3084.458426322437,2,Open ocean / other,0.7586206896551724,0.4240082928830248,1.7891647460406166,9.70375950639228,9.401974671636717,0.5,0.578920477816713,0.8778173181493787,0.0002648553702928218,0.001395532357177406,True,7,0.2413793103448276,Behavioural dark spot (selective switch-off),2,2,1.0
41.0_37.0,41.0,37.0,31,28,15.699080602761345,5,3,50.51413230322581,0.7419354838709677,2323.994479997919,5,Black Sea,0.9032258064516129,0.5064219549277853,1.7835439353738345,12.300919397238655,13.33910225123588,0.6,0.7509971000182295,0.966535963905356,3.2054793481543816e-06,2.5017199724693596e-05,True,3,0.0967741935483871,Behavioural dark spot (selective switch-off),4,4,1.0
5.0_100.0,5.0,100.0,37,27,15.373637015668743,15,8,81.07119902162162,0.4594594594594595,3078.1093682685055,2,Strait of Malacca,0.7297297297297297,0.41550370312618223,1.7562532517504945,11.626362984331257,12.020365611899358,0.5333333333333333,0.5702152452607867,0.8460270175300932,0.00010782439778773353,0.0006359188914981102,True,10,0.2702702702702703,Behavioural dark spot (selective switch-off),2,1,0.5
38.5_124.0,38.5,124.0,69,69,39.38998059374234,0,0,28.417161205797104,1.0,2410.682722189525,2,Open ocean / other,1.0,0.5708692839672802,1.751714495918326,29.610019406257663,28.622596978390465,,0.9472609058559944,1.0,1.588658868364626e-17,4.850082074595535e-16,True,0,0.0,"Blackout, cause unresolved",2,2,1.0
10.0_104.0,10.0,104.0,66,64,37.1065501017888,2,1,30.375506948484848,0.3484848484848485,3041.745231729066,3,Open ocean / other,0.9696969696969697,0.5622204560877091,1.7247628740596594,26.893449898211202,21.698069684318238,0.5,0.8960728112941316,0.9916502649240535,4.2180865649169566e-14,9.950849669054093e-13,True,2,0.030303030303030304,"Elevated dark, unclassified",3,3,1.0
17.5_107.5,17.5,107.5,42,36,20.936709879282056,2,1,41.94177545,0.35714285714285715,2943.9284261442276,3,South China Sea,0.8571428571428571,0.49849309236385847,1.7194678728210224,15.063290120717944,14.266651195392328,0.5,0.7215861764782122,0.9328412431581007,1.2905298709040132e-06,1.0890813056897281e-05,True,6,0.14285714285714285,Behavioural dark spot (selective switch-off),3,3,1.0
-6.0_119.0,-6.0,119.0,34,19,11.067074988399984,11,1,80.02366275882353,0.11764705882352941,3075.5239629307252,3,Open ocean / other,0.5588235294117647,0.325502205541176,1.7168041257436997,7.932925011600016,11.055026853896061,0.09090909090909091,0.3945361778918369,0.7111675978470325,0.0042099963452053996,0.017550105246277932,True,15,0.4411764705882353,"Elevated dark, unclassified",3,2,0.6666666666666666
-6.0_108.0,-6.0,108.0,52,30,17.68890479743743,17,6,81.98410414038462,0.15384615384615385,3075.5239629307252,4,Open ocean / other,0.5769230769230769,0.34017124610456595,1.6959783742148955,12.31109520256257,16.90768812948809,0.35294117647058826,0.4419408497943149,0.7013215209113954,0.00039728345645856047,0.002011610867336516,True,22,0.4230769230769231,Behavioural dark spot (selective switch-off),3,3,1.0
18.0_107.5,18.0,107.5,41,33,19.499129204147614,4,2,55.98520589512195,0.43902439024390244,2935.5928018133336,4,South China Sea,0.8048780487804879,0.47558851717433204,1.6923832677092394,13.500870795852386,13.966514693275595,0.5,0.6598611764744329,0.8976568425079408,1.535213425053368e-05,0.0001069497674634494,True,8,0.1951219512195122,Behavioural dark spot (selective switch-off),3,2,0.6666666666666666
25.0_120.0,25.0,120.0,45,19,11.250797031055752,29,14,154.72625244888889,0.28888888888888886,2795.740188976926,3,Taiwan Strait,0.4222222222222222,0.25001771180123894,1.6887692443081144,7.749202968944248,16.095916271986386,0.4827586206896552,0.2896848798168781,0.566994672040555,0.008505154728266996,0.03408629578355653,True,26,0.5777777777777777,Behavioural dark spot (selective switch-off),3,1,0.3333333333333333
21.5_89.5,21.5,89.5,39,38,22.59862979726342,3,2,33.498305102564096,0.48717948717948717,2871.0215292823814,4,Bay of Bengal,0.9743589743589743,0.5794520460836774,1.681517877008703,15.40137020273658,13.584015167503166,0.6666666666666666,0.8681871352137286,0.9954594139347627,1.6773501949400566e-08,2.1763618779347235e-07,True,1,0.02564102564102564,"Blackout, cause unresolved",4,4,1.0
-9.0_140.0,-9.0,140.0,28,25,14.94673521574808,7,5,49.368182467857146,0.42857142857142855,3055.101195388212,5,Open ocean / other,0.8928571428571429,0.5338119719910028,1.6726060667522675,10.05326478425192,9.164999196186049,0.7142857142857143,0.7280377463234293,0.9628823079452005,5.808714610658583e-05,0.00035054917243393076,True,3,0.10714285714285714,Behavioural dark spot (selective switch-off),3,3,1.0
54.5_18.5,54.5,18.5,105,75,44.84238224376808,26,14,68.7275136952381,0.5904761904761905,1784.0000256189903,8,Open ocean / other,0.7142857142857143,0.4270703070835055,1.6725248804198631,30.15761775623192,58.85650139694835,0.5384615384615384,0.6215148508295265,0.7919300084889693,2.4791300050979823e-09,3.676195636131008e-08,True,30,0.2857142857142857,Behavioural dark spot (selective switch-off),5,3,0.6
21.0_89.5,21.0,89.5,85,69,41.43857163014987,16,1,57.39231130588235,0.6941176470588235,2880.9077704872743,5,Bay of Bengal,0.8117647058823529,0.4875126074135279,1.665115308892476,27.561428369850127,29.50458909888086,0.0625,0.7158877949459186,0.8806795788969659,6.697574379784388e-10,1.037624209883014e-08,True,16,0.18823529411764706,"Elevated dark, unclassified",4,4,1.0
10.0_-71.5,10.0,-71.5,44,39,23.492200573220565,0,0,33.02627008636364,0.13636363636363635,3041.745231729066,3,Open ocean / other,0.8863636363636364,0.5339136493913764,1.6601254479521694,15.507799426779435,14.465379789545493,,0.7602056485186641,0.950472924104325,6.519403478830575e-07,5.936088430724681e-06,True,5,0.11363636363636363,"Elevated dark, unclassified",1,1,1.0
-1.0_117.5,-1.0,117.5,55,31,18.850627614047934,8,1,69.42863075818182,0.2727272727272727,3090.8118386878423,2,Open ocean / other,0.5636363636363636,0.34273868389178064,1.6445075800499112,12.149372385952066,17.794677537973136,0.125,0.43269584078681317,0.686267613639987,0.0006459678880420975,0.0031042345730911912,True,24,0.43636363636363634,"Elevated dark, unclassified",2,1,0.5
39.5_124.5,39.5,124.5,28,28,17.08342205423747,0,0,24.988820992857143,1.0,2376.549041372937,2,Open ocean / other,1.0,0.6101222162227667,1.6390158781480622,10.91657794576253,11.781789271987563,,0.8793527963418923,1.0,9.810056207879997e-07,8.485698619816199e-06,True,0,0.0,"Blackout, cause unresolved",2,2,1.0
19.5_111.0,19.5,111.0,41,37,22.75012252585524,1,0,33.63627082195122,0.926829268292683,2909.247212509951,1,South China Sea,0.9024390243902439,0.5548810372159815,1.6263648671759876,14.24987747414476,14.09299279335814,0.0,0.7745202448096945,0.9614035402470386,1.5611290998288077e-06,1.296361604497842e-05,True,4,0.0975609756097561,"Elevated dark, unclassified",1,1,1.0
20.5_111.5,20.5,111.5,30,21,12.938547911343818,7,2,63.83094863,0.6333333333333333,2890.5746194115304,2,South China Sea,0.7,0.43128493037812726,1.623056941466232,8.061452088656182,10.378559265876163,0.2857142857142857,0.5212387898833981,0.8333543735604105,0.0026921841427348997,0.011643696417328441,True,9,0.3,"Elevated dark, unclassified",1,1,1.0
34.0_11.5,34.0,11.5,33,33,20.466105786347597,2,2,34.60384763030303,0.8181818181818182,2555.052279867656,6,Open ocean / other,1.0,0.6201850238287151,1.6124220379049068,12.533894213652403,12.915586996016104,1.0,0.8957265699643882,1.0,1.422990713626741e-07,1.538608709108914e-06,True,0,0.0,"Blackout, cause unresolved",4,4,1.0
-5.0_106.0,-5.0,106.0,37,26,16.133156466929993,2,1,50.44020268108108,0.05405405405405406,3080.4603636605075,2,Open ocean / other,0.7027027027027027,0.43603125586297276,1.6115879154395623,9.866843533070007,12.011191715524282,0.5,0.5421656082795643,0.825106976535918,0.0009505087137558898,0.004460799605023416,True,11,0.2972972972972973,Behavioural dark spot (selective switch-off),2,2,1.0
17.5_107.0,17.5,107.0,61,61,37.91004995061706,0,0,25.30197719672131,0.9344262295081968,2943.9284261442276,4,South China Sea,1.0,0.6214762286986403,1.6090720027924181,23.089950049382942,20.720612450450762,,0.9407540837980555,1.0,2.5055081537826707e-13,5.418161382555026e-12,True,0,0.0,"Blackout, cause unresolved",4,4,1.0
26.5_56.5,26.5,56.5,75,69,42.94718255551525,13,9,56.83299228133333,0.7733333333333333,2760.2663687102918,3,Strait of Hormuz,0.92,0.5726291007402033,1.6066246001308198,26.052817444484752,27.171290731279328,0.6923076923076923,0.8362501593344202,0.9628203821056319,2.7152700627159047e-11,4.5458876211275953e-10,True,6,0.08,Behavioural dark spot (selective switch-off),3,3,1.0
27.0_-13.5,27.0,-13.5,36,28,17.474121252046366,11,5,70.30968772777777,0.6388888888888888,2748.0201352522117,4,Open ocean / other,0.7777777777777778,0.48539225700128796,1.6023695610284818,10.525878747953634,13.100340691898147,0.45454545454545453,0.6191498017214091,0.882838070251604,0.00032138289321558417,0.0016514625898899822,True,8,0.2222222222222222,Behavioural dark spot (selective switch-off),4,3,0.75
10.0_119.5,10.0,119.5,42,41,25.71378294527854,1,0,30.215557135714285,0.6904761904761905,3041.745231729066,2,South China Sea,0.9761904761904762,0.6122329272685366,1.594475619835947,15.286217054721462,13.807862526384334,0.0,0.8767851883475174,0.9957847045008997,3.100493911711353e-08,3.831324619471886e-07,True,1,0.023809523809523808,"Blackout, cause unresolved",2,1,0.5
10.0_106.5,10.0,106.5,61,35,21.95427010954284,11,4,65.78580186885246,0.4918032786885246,3041.745231729066,3,South China Sea,0.5737704918032787,0.35990606736955477,1.594222892647503,13.04572989045716,20.05427652641534,0.36363636363636365,0.44895006843512514,0.6898497144203256,0.0005367244583107182,0.002627924470408139,True,26,0.4262295081967213,Behavioural dark spot (selective switch-off),3,3,1.0
21.0_90.0,21.0,90.0,37,34,21.379687618078325,2,0,37.46920442702702,0.8648648648648649,2880.9077704872743,5,Bay of Bengal,0.918918918918919,0.577829395083198,1.590294517271157,12.620312381921675,12.843174078336375,0.0,0.7869900750149847,0.9720399336036787,5.246023084338926e-06,4.003949971723386e-05,True,3,0.08108108108108109,"Elevated dark, unclassified",4,4,1.0
39.0_124.5,39.0,124.5,39,39,24.54001835439944,0,0,24.942307566666667,0.9743589743589743,2393.7070268101265,2,Open ocean / other,1.0,0.6292312398563958,1.5892408651360372,14.45998164560056,16.292720689370128,,0.9103301463997611,1.0,1.4242976948266548e-08,1.895411547730856e-07,True,0,0.0,"Blackout, cause unresolved",2,2,1.0
-44.0_-65.5,-44.0,-65.5,26,26,16.364596269931315,0,0,25.255325757692308,1.0,2232.882382226405,1,Open ocean / other,1.0,0.6294075488435121,1.5887956886399328,9.635403730068685,11.644142211411703,,0.8712669561953784,1.0000000000000002,5.91875865058569e-06,4.4519358545709756e-05,True,0,0.0,"Blackout, cause unresolved",1,1,1.0
54.5_1.5,54.5,1.5,48,30,18.88900509775342,8,0,61.025024162499996,0.75,1784.0000256189903,6,Open ocean / other,0.625,0.39352093953652956,1.5882255229825777,11.110994902246581,26.90582921003353,0.0,0.48362506125249566,0.7478492759593187,0.0009945306713115415,0.004629250389333543,True,18,0.375,"Elevated dark, unclassified",5,2,0.4
20.0_92.0,20.0,92.0,73,71,44.78900624410198,2,0,29.353371801369864,0.9315068493150684,2900.021339887193,4,Bay of Bengal,0.9726027397260274,0.613548030741123,1.5852104334051753,26.210993755898023,25.172228561200725,0.0,0.9054967102680322,0.9924543995474844,3.5498173241380486e-13,7.51981710705162e-12,True,2,0.0273972602739726,"Blackout, cause unresolved",4,4,1.0
-4.5_107.5,-4.5,107.5,39,29,18.4286683444669,7,2,53.94700967179487,0.358974358974359,3082.576770069333,5,Open ocean / other,0.7435897435897436,0.4725299575504333,1.5736351351022648,10.5713316555331,12.651753032941597,0.2857142857142857,0.589180432321585,0.854313741565478,0.0005359042183352245,0.002627924470408139,True,10,0.2564102564102564,"Elevated dark, unclassified",5,5,1.0
9.5_-72.0,9.5,-72.0,32,32,20.34793420413345,1,1,25.045096675,0.90625,3046.429330018552,2,Open ocean / other,1.0,0.6358729438791703,1.5726412164975239,11.652065795866552,10.504100549676998,1.0,0.8928172849426366,1.0,5.103299804430489e-07,4.721547699796005e-06,True,0,0.0,"Blackout, cause unresolved",1,1,1.0
6.0_121.0,6.0,121.0,65,63,40.12615807178006,0,0,27.217353646153846,0.046153846153846156,3072.7043445357876,1,Open ocean / other,0.9692307692307692,0.6173255087966163,1.5700481438392844,22.87384192821994,21.15400400158576,,0.8945709497407398,0.9915211805990546,2.0323340973387965e-11,3.515937988396118e-10,True,2,0.03076923076923077,"Elevated dark, unclassified",1,1,1.0
18.0_108.0,18.0,108.0,60,45,28.726368101111177,5,3,47.072276751666664,0.7166666666666667,2935.5928018133336,4,South China Sea,0.75,0.47877280168518627,1.5665050256826354,16.273631898888823,20.43880199015941,0.6,0.6276768905451521,0.8422361442158816,1.720158435556681e-05,0.00011903496374052234,True,15,0.25,Behavioural dark spot (selective switch-off),3,2,0.6666666666666666
24.5_53.5,24.5,53.5,118,77,49.597879291180966,4,3,50.59395699491525,0.1694915254237288,2807.140167390364,6,Persian Gulf,0.652542372881356,0.4203210109422116,1.5524857332698785,27.402120708819034,42.03566368746659,0.75,0.5630461198830585,0.73241946822478,3.1160492412959904e-07,3.022858983612372e-06,True,41,0.3474576271186441,Behavioural dark spot (selective switch-off),5,4,0.8
-6.0_107.0,-6.0,107.0,39,21,13.527297099166832,5,3,67.08552834615385,0.10256410256410256,3075.5239629307252,3,Open ocean / other,0.5384615384615384,0.3468537717735085,1.5524165578719658,7.472702900833168,12.68076609711607,0.6,0.3856918682173881,0.6843335276595165,0.010878133146145223,0.043262460558232727,True,18,0.46153846153846156,Behavioural dark spot (selective switch-off),3,2,0.6666666666666666
20.5_92.0,20.5,92.0,39,37,23.84233210734977,0,0,27.185288115384612,0.8974358974358975,2890.5746194115304,5,Bay of Bengal,0.9487179487179487,0.6113418489064043,1.5518616146024649,13.157667892650231,13.49212704563901,,0.8311406095436208,0.9858223423536004,1.5043423556380894e-06,1.2592801331873684e-05,True,2,0.05128205128205128,"Elevated dark, unclassified",4,4,1.0
9.5_104.5,9.5,104.5,113,113,73.0948964561486,0,0,23.58338579380531,0.22123893805309736,3046.429330018552,6,Open ocean / other,1.0,0.646857490762377,1.545935564294717,39.905103543851396,37.0926050660469,,0.9671212992632762,1.0,4.181895029953995e-22,1.736322816436899e-20,True,0,0.0,"Blackout, cause unresolved",5,5,1.0
18.0_107.0,18.0,107.0,67,65,42.06907750947519,3,1,31.345376331343285,0.9253731343283582,2935.5928018133336,4,South China Sea,0.9701492537313433,0.6278966792458984,1.5450778540451735,22.930922490524807,22.82332888901134,0.3333333333333333,0.8975324995811698,0.991775477652546,2.3487556281158977e-11,3.996734986859511e-10,True,2,0.029850746268656716,"Blackout, cause unresolved",3,3,1.0
39.0_125.0,39.0,125.0,36,36,23.354376320683745,0,0,24.796629052777778,1.0,2393.7070268101265,2,Open ocean / other,1.0,0.6487326755745485,1.541466982704937,12.645623679316255,15.039434482495501,,0.9035781695514236,1.0,1.715409590954411e-07,1.8169338320517129e-06,True,0,0.0,"Blackout, cause unresolved",2,2,1.0
10.0_104.5,10.0,104.5,37,37,24.035999284606213,0,0,22.936959883783782,0.08108108108108109,3041.745231729066,5,Open ocean / other,1.0,0.6496216022866544,1.539357676037898,12.964000715393787,12.164069368481437,,0.9059390425448564,1.0000000000000002,1.1706766574391892e-07,1.2948251021049125e-06,True,0,0.0,"Blackout, cause unresolved",5,5,1.0
-3.0_120.5,-3.0,120.5,32,28,18.205689489809014,5,3,44.6254361875,0.6875,3087.5169330678864,3,Open ocean / other,0.875,0.5689277965565317,1.5379807513290578,9.794310510190986,10.364315627640448,0.6,0.7193135021517204,0.950299461555257,0.0002078536824537337,0.0011178866444921014,True,4,0.125,Behavioural dark spot (selective switch-off),3,3,1.0
-6.0_107.5,-6.0,107.5,55,29,18.87013604720749,12,3,73.33114644545455,0.09090909090909091,3075.5239629307252,6,Open ocean / other,0.5272727272727272,0.34309338267649986,1.5368198685717256,10.129863952792508,17.8831316754201,0.25,0.39791319071629383,0.6530711468951917,0.003790401074064297,0.015993643556417643,True,26,0.4727272727272727,"Elevated dark, unclassified",5,3,0.6
-6.5_109.0,-6.5,109.0,31,25,16.28668378280175,4,3,54.9715795,0.12903225806451613,3072.7043445357876,4,Open ocean / other,0.8064516129032258,0.5253768962194113,1.534996340163444,8.713316217198251,10.088832677679363,0.75,0.6371939644454013,0.9081311641365236,0.0011390256558863553,0.005254705025822386,True,6,0.1935483870967742,Behavioural dark spot (selective switch-off),4,4,1.0
9.0_106.0,9.0,106.0,41,33,21.50267089945195,2,1,41.06196695121951,0.5121951219512195,3050.8814309198565,4,South China Sea,0.8048780487804879,0.524455387791511,1.5346930692615068,11.49732910054805,13.43873923924939,0.5,0.6598611764744329,0.8976568425079408,0.00018692440710371634,0.0010211975503876714,True,8,0.1951219512195122,Behavioural dark spot (selective switch-off),4,4,1.0
13.5_74.0,13.5,74.0,59,59,38.7620878287368,1,1,25.890681064406778,0.9830508474576272,3002.4927996365627,2,India West Coast corridor,1.0,0.6569845394701153,1.5221058334288058,20.237912171263197,19.650338547736624,1.0,0.938868520215908,1.0000000000000002,1.7208928392247217e-11,3.027604690025866e-10,True,0,0.0,"Blackout, cause unresolved",2,2,1.0
-4.5_106.0,-4.5,106.0,69,59,38.79083078488385,4,3,42.12686510434783,0.30434782608695654,3082.576770069333,3,Open ocean / other,0.855072463768116,0.5621859534041138,1.5209779941859696,20.209169215116148,22.38387075058898,0.75,0.7533626140708477,0.9193299132761629,1.943213829907596e-07,1.997085104400084e-06,True,10,0.14492753623188406,Behavioural dark spot (selective switch-off),2,2,1.0
10.0_-72.0,10.0,-72.0,33,29,19.167064258262453,3,2,36.85881829393939,0.15151515151515152,3041.745231729066,3,Open ocean / other,0.8787878787878788,0.5808201290382562,1.5130120924751849,9.832935741737547,10.849034842159119,0.6666666666666666,0.7267415674973484,0.9518391673241576,0.00021986739603139507,0.0011764039024772582,True,4,0.12121212121212122,Behavioural dark spot (selective switch-off),1,1,1.0
