platform_name,country_of_origin,manufacturer,commons_search_url,file,source_url,source_page_url,photographer,license_name,license_url
DJI AIR 3S,China,DJI,https://commons.wikimedia.org/w/index.php?search=DJI%20AIR%203S%20UAV&title=Special:MediaSearch&type=image,,,,,,
DJI Air 2S,China,DJI,https://commons.wikimedia.org/w/index.php?search=DJI%20Air%202S%20UAV&title=Special:MediaSearch&type=image,,,,,,
DJI Air 3,China,DJI,https://commons.wikimedia.org/w/index.php?search=DJI%20Air%203%20UAV&title=Special:MediaSearch&type=image,,,,,,
DJI Avata 2,China,DJI,https://commons.wikimedia.org/w/index.php?search=DJI%20Avata%202%20UAV&title=Special:MediaSearch&type=image,,,,,,
DJI Inspire 3,China,DJI,https://commons.wikimedia.org/w/index.php?search=DJI%20Inspire%203%20UAV&title=Special:MediaSearch&type=image,,,,,,
DJI MAVIC 3 Classic,China,DJI,https://commons.wikimedia.org/w/index.php?search=DJI%20MAVIC%203%20Classic%20UAV&title=Special:MediaSearch&type=image,,,,,,
DJI Matrice 400,China,DJI,https://commons.wikimedia.org/w/index.php?search=DJI%20Matrice%20400%20UAV&title=Special:MediaSearch&type=image,,,,,,
DJI Matrice 4E,China,DJI,https://commons.wikimedia.org/w/index.php?search=DJI%20Matrice%204E%20UAV&title=Special:MediaSearch&type=image,,,,,,
DJI Matrice 4T,China,DJI,https://commons.wikimedia.org/w/index.php?search=DJI%20Matrice%204T%20UAV&title=Special:MediaSearch&type=image,,,,,,
DJI Mavic 3 Pro,China,DJI,https://commons.wikimedia.org/w/index.php?search=DJI%20Mavic%203%20Pro%20UAV&title=Special:MediaSearch&type=image,,,,,,
DJI Mavic 3 Pro Cine,China,DJI,https://commons.wikimedia.org/w/index.php?search=DJI%20Mavic%203%20Pro%20Cine%20UAV&title=Special:MediaSearch&type=image,,,,,,
DJI Mavic 4 Pro,China,DJI,https://commons.wikimedia.org/w/index.php?search=DJI%20Mavic%204%20Pro%20UAV&title=Special:MediaSearch&type=image,,,,,,
DJI Mini 2 SE,China,DJI,https://commons.wikimedia.org/w/index.php?search=DJI%20Mini%202%20SE%20UAV&title=Special:MediaSearch&type=image,,,,,,
DJI Mini 3,China,DJI,https://commons.wikimedia.org/w/index.php?search=DJI%20Mini%203%20UAV&title=Special:MediaSearch&type=image,,,,,,
DJI Mini 5 Pro,China,DJI,https://commons.wikimedia.org/w/index.php?search=DJI%20Mini%205%20Pro%20UAV&title=Special:MediaSearch&type=image,,,,,,
DJI Neo,China,DJI,https://commons.wikimedia.org/w/index.php?search=DJI%20Neo%20UAV&title=Special:MediaSearch&type=image,,,,,,
Matrice 210,China,DJI,https://commons.wikimedia.org/w/index.php?search=Matrice%20210%20UAV&title=Special:MediaSearch&type=image,,,,,,
Matrice 350 RTK,China,DJI GmbH,https://commons.wikimedia.org/w/index.php?search=Matrice%20350%20RTK%20UAV&title=Special:MediaSearch&type=image,,,,,,
Typhoon H,China,Yuneec,https://commons.wikimedia.org/w/index.php?search=Typhoon%20H%20UAV&title=Special:MediaSearch&type=image,,,,,,
AR Drone,France,Parrot,https://commons.wikimedia.org/w/index.php?search=AR%20Drone%20UAV&title=Special:MediaSearch&type=image,,,,,,
Karma,United States,GoPro,https://commons.wikimedia.org/w/index.php?search=Karma%20UAV&title=Special:MediaSearch&type=image,,,,,,
AVSS PRS-M350EX,Canada,AVSS - Aerial Vehicle Safety Solutions Inc.,https://commons.wikimedia.org/w/index.php?search=AVSS%20PRS-M350EX%20UAV&title=Special:MediaSearch&type=image,,,,,,
AVSS PRS-M3DTEX,Canada,AVSS - Aerial Vehicle Safety Solutions Inc.,https://commons.wikimedia.org/w/index.php?search=AVSS%20PRS-M3DTEX%20UAV&title=Special:MediaSearch&type=image,,,,,,
PRS-M4EX,Canada,AVSS - Aerial Vehicle Safety Solutions Inc.,https://commons.wikimedia.org/w/index.php?search=PRS-M4EX%20UAV&title=Special:MediaSearch&type=image,,,,,,
ASN-209,China,Xi’an ASN Technology Group,https://commons.wikimedia.org/w/index.php?search=ASN-209%20UAV&title=Special:MediaSearch&type=image,,,,,,
ATOM,China,"Shenzhen Potensic Intelligent Co., Ltd",https://commons.wikimedia.org/w/index.php?search=ATOM%20UAV&title=Special:MediaSearch&type=image,,,,,,
ATOM 2,China,"Shenzhen Potensic Intelligent Co., Ltd",https://commons.wikimedia.org/w/index.php?search=ATOM%202%20UAV&title=Special:MediaSearch&type=image,,,,,,
ATOM 3,China,"Shenzhen Potensic Intelligent Co., Ltd",https://commons.wikimedia.org/w/index.php?search=ATOM%203%20UAV&title=Special:MediaSearch&type=image,,,,,,
ATOM LT,China,"Shenzhen Potensic Intelligent Co., Ltd",https://commons.wikimedia.org/w/index.php?search=ATOM%20LT%20UAV&title=Special:MediaSearch&type=image,,,,,,
ATOM SE,China,"Shenzhen Potensic Intelligent Co., Ltd",https://commons.wikimedia.org/w/index.php?search=ATOM%20SE%20UAV&title=Special:MediaSearch&type=image,,,,,,
C5 Eurosafe Matrice 400,China,"EUROSAFE SYSTEMS, S.L.",https://commons.wikimedia.org/w/index.php?search=C5%20Eurosafe%20Matrice%20400%20UAV&title=Special:MediaSearch&type=image,,,,,,
C5 Eurosafe Matrice 4D,China,"EUROSAFE SYSTEMS, S.L.",https://commons.wikimedia.org/w/index.php?search=C5%20Eurosafe%20Matrice%204D%20UAV&title=Special:MediaSearch&type=image,,,,,,
C5 Eurosafe Matrice 4E,China,"EUROSAFE SYSTEMS, S.L.",https://commons.wikimedia.org/w/index.php?search=C5%20Eurosafe%20Matrice%204E%20UAV&title=Special:MediaSearch&type=image,,,,,,
C5 Eurosafe Matrice 4T,China,"EUROSAFE SYSTEMS, S.L.",https://commons.wikimedia.org/w/index.php?search=C5%20Eurosafe%20Matrice%204T%20UAV&title=Special:MediaSearch&type=image,,,,,,
C5 Eurosafe Matrice 4TD,China,"EUROSAFE SYSTEMS, S.L.",https://commons.wikimedia.org/w/index.php?search=C5%20Eurosafe%20Matrice%204TD%20UAV&title=Special:MediaSearch&type=image,,,,,,
C5 Eurosafe Mavic 3,China,"EUROSAFE SYSTEMS, S.L.",https://commons.wikimedia.org/w/index.php?search=C5%20Eurosafe%20Mavic%203%20UAV&title=Special:MediaSearch&type=image,,,,,,
C5 Eurosafe Mavic 3 Cine,China,"EUROSAFE SYSTEMS, S.L.",https://commons.wikimedia.org/w/index.php?search=C5%20Eurosafe%20Mavic%203%20Cine%20UAV&title=Special:MediaSearch&type=image,,,,,,
C5 Eurosafe Mavic 3 Classic,China,"EUROSAFE SYSTEMS, S.L.",https://commons.wikimedia.org/w/index.php?search=C5%20Eurosafe%20Mavic%203%20Classic%20UAV&title=Special:MediaSearch&type=image,,,,,,
C5 Eurosafe Mavic 3 Pro,China,"EUROSAFE SYSTEMS, S.L.",https://commons.wikimedia.org/w/index.php?search=C5%20Eurosafe%20Mavic%203%20Pro%20UAV&title=Special:MediaSearch&type=image,,,,,,
C5 Eurosafe Mavic 3 Pro Cine,China,"EUROSAFE SYSTEMS, S.L.",https://commons.wikimedia.org/w/index.php?search=C5%20Eurosafe%20Mavic%203%20Pro%20Cine%20UAV&title=Special:MediaSearch&type=image,,,,,,
C5 Eurosafe Mavic 3E,China,"EUROSAFE SYSTEMS, S.L.",https://commons.wikimedia.org/w/index.php?search=C5%20Eurosafe%20Mavic%203E%20UAV&title=Special:MediaSearch&type=image,,,,,,
C5 Eurosafe Mavic 3M,China,"EUROSAFE SYSTEMS, S.L.",https://commons.wikimedia.org/w/index.php?search=C5%20Eurosafe%20Mavic%203M%20UAV&title=Special:MediaSearch&type=image,,,,,,
C5 Eurosafe Mavic 3T,China,"EUROSAFE SYSTEMS, S.L.",https://commons.wikimedia.org/w/index.php?search=C5%20Eurosafe%20Mavic%203T%20UAV&title=Special:MediaSearch&type=image,,,,,,
CH-4,China,CASC,https://commons.wikimedia.org/w/index.php?search=CH-4%20UAV&title=Special:MediaSearch&type=image,,,,,,
CH-5,China,CASC,https://commons.wikimedia.org/w/index.php?search=CH-5%20UAV&title=Special:MediaSearch&type=image,,,,,,
DJI Avata 360,China,DJI GmbH,https://commons.wikimedia.org/w/index.php?search=DJI%20Avata%20360%20UAV&title=Special:MediaSearch&type=image,,,,,,
DJI Dock 3 and Matrice 4D Series,China,DJI GmbH,https://commons.wikimedia.org/w/index.php?search=DJI%20Dock%203%20and%20Matrice%204D%20Series%20UAV&title=Special:MediaSearch&type=image,,,,,,
DJI Flip,China,DJI GmbH,https://commons.wikimedia.org/w/index.php?search=DJI%20Flip%20UAV&title=Special:MediaSearch&type=image,,,,,,
DJI Lito 1,China,DJI GmbH,https://commons.wikimedia.org/w/index.php?search=DJI%20Lito%201%20UAV&title=Special:MediaSearch&type=image,,,,,,
DJI Lito X1,China,DJI GmbH,https://commons.wikimedia.org/w/index.php?search=DJI%20Lito%20X1%20UAV&title=Special:MediaSearch&type=image,,,,,,
DJI MAVIC 3 Cine V2.0,China,DJI GmbH,https://commons.wikimedia.org/w/index.php?search=DJI%20MAVIC%203%20Cine%20V2.0%20UAV&title=Special:MediaSearch&type=image,,,,,,
DJI MAVIC 3 V2.0,China,DJI GmbH,https://commons.wikimedia.org/w/index.php?search=DJI%20MAVIC%203%20V2.0%20UAV&title=Special:MediaSearch&type=image,,,,,,
DJI MAVIC 3E EU,China,DJI GmbH,https://commons.wikimedia.org/w/index.php?search=DJI%20MAVIC%203E%20EU%20UAV&title=Special:MediaSearch&type=image,,,,,,
DJI MAVIC 3M EU,China,DJI GmbH,https://commons.wikimedia.org/w/index.php?search=DJI%20MAVIC%203M%20EU%20UAV&title=Special:MediaSearch&type=image,,,,,,
DJI MAVIC 3T EU,China,DJI GmbH,https://commons.wikimedia.org/w/index.php?search=DJI%20MAVIC%203T%20EU%20UAV&title=Special:MediaSearch&type=image,,,,,,
DJI Matrice 4D,China,DJI GmbH,https://commons.wikimedia.org/w/index.php?search=DJI%20Matrice%204D%20UAV&title=Special:MediaSearch&type=image,,,,,,
DJI Matrice 4TD,China,DJI GmbH,https://commons.wikimedia.org/w/index.php?search=DJI%20Matrice%204TD%20UAV&title=Special:MediaSearch&type=image,,,,,,
DJI Mini 4 Pro Fly More Combo,China,DJI GmbH,https://commons.wikimedia.org/w/index.php?search=DJI%20Mini%204%20Pro%20Fly%20More%20Combo%20UAV&title=Special:MediaSearch&type=image,,,,,,
DJI Neo 2,China,DJI GmbH,https://commons.wikimedia.org/w/index.php?search=DJI%20Neo%202%20UAV&title=Special:MediaSearch&type=image,,,,,,
Inspire 3 C5,China,DRONAVIA,https://commons.wikimedia.org/w/index.php?search=Inspire%203%20C5%20UAV&title=Special:MediaSearch&type=image,,,,,,
Inspire 3 Flysafe C5,China,Flying Eye,https://commons.wikimedia.org/w/index.php?search=Inspire%203%20Flysafe%20C5%20UAV&title=Special:MediaSearch&type=image,,,,,,
Kronos AD Matrice 30,China,DRONAVIA,https://commons.wikimedia.org/w/index.php?search=Kronos%20AD%20Matrice%2030%20UAV&title=Special:MediaSearch&type=image,,,,,,
Kronos AD Matrice 30T,China,DRONAVIA,https://commons.wikimedia.org/w/index.php?search=Kronos%20AD%20Matrice%2030T%20UAV&title=Special:MediaSearch&type=image,,,,,,
Kronos AD Matrice 4D,China,DRONAVIA,https://commons.wikimedia.org/w/index.php?search=Kronos%20AD%20Matrice%204D%20UAV&title=Special:MediaSearch&type=image,,,,,,
Kronos AD Matrice 4E,China,DRONAVIA,https://commons.wikimedia.org/w/index.php?search=Kronos%20AD%20Matrice%204E%20UAV&title=Special:MediaSearch&type=image,,,,,,
Kronos AD Matrice 4T,China,DRONAVIA,https://commons.wikimedia.org/w/index.php?search=Kronos%20AD%20Matrice%204T%20UAV&title=Special:MediaSearch&type=image,,,,,,
Kronos AD Matrice 4TD,China,DRONAVIA,https://commons.wikimedia.org/w/index.php?search=Kronos%20AD%20Matrice%204TD%20UAV&title=Special:MediaSearch&type=image,,,,,,
Kronos AD Mavic 3 Pro,China,DRONAVIA,https://commons.wikimedia.org/w/index.php?search=Kronos%20AD%20Mavic%203%20Pro%20UAV&title=Special:MediaSearch&type=image,,,,,,
Kronos AD Mavic 3 Pro Cine,China,DRONAVIA,https://commons.wikimedia.org/w/index.php?search=Kronos%20AD%20Mavic%203%20Pro%20Cine%20UAV&title=Special:MediaSearch&type=image,,,,,,
Kronos AD Mavic 3E,China,DRONAVIA,https://commons.wikimedia.org/w/index.php?search=Kronos%20AD%20Mavic%203E%20UAV&title=Special:MediaSearch&type=image,,,,,,
Kronos AD Mavic 3M,China,DRONAVIA,https://commons.wikimedia.org/w/index.php?search=Kronos%20AD%20Mavic%203M%20UAV&title=Special:MediaSearch&type=image,,,,,,
Kronos AD Mavic 3T,China,DRONAVIA,https://commons.wikimedia.org/w/index.php?search=Kronos%20AD%20Mavic%203T%20UAV&title=Special:MediaSearch&type=image,,,,,,
Kronos AD Mavic 4 Pro,China,DRONAVIA,https://commons.wikimedia.org/w/index.php?search=Kronos%20AD%20Mavic%204%20Pro%20UAV&title=Special:MediaSearch&type=image,,,,,,
Matrice 30 Flysafe C5,China,Flying Eye,https://commons.wikimedia.org/w/index.php?search=Matrice%2030%20Flysafe%20C5%20UAV&title=Special:MediaSearch&type=image,,,,,,
Matrice 30T Flysafe c5,China,Flying Eye,https://commons.wikimedia.org/w/index.php?search=Matrice%2030T%20Flysafe%20c5%20UAV&title=Special:MediaSearch&type=image,,,,,,
Matrice 350 RTK C5,China,DRONAVIA,https://commons.wikimedia.org/w/index.php?search=Matrice%20350%20RTK%20C5%20UAV&title=Special:MediaSearch&type=image,,,,,,
Matrice 350 RTK Flysafe,China,Flying Eye,https://commons.wikimedia.org/w/index.php?search=Matrice%20350%20RTK%20Flysafe%20UAV&title=Special:MediaSearch&type=image,,,,,,
Matrice 4 Flysafe C5,China,Flying Eye,https://commons.wikimedia.org/w/index.php?search=Matrice%204%20Flysafe%20C5%20UAV&title=Special:MediaSearch&type=image,,,,,,
Matrice 4D Flysafe C5,China,Flying Eye,https://commons.wikimedia.org/w/index.php?search=Matrice%204D%20Flysafe%20C5%20UAV&title=Special:MediaSearch&type=image,,,,,,
Matrice 4T Flysafe C5,China,Flying Eye,https://commons.wikimedia.org/w/index.php?search=Matrice%204T%20Flysafe%20C5%20UAV&title=Special:MediaSearch&type=image,,,,,,
Mavic 3 Pro Cine Flysafe C5,China,Flying Eye,https://commons.wikimedia.org/w/index.php?search=Mavic%203%20Pro%20Cine%20Flysafe%20C5%20UAV&title=Special:MediaSearch&type=image,,,,,,
Mavic 3 Pro Flysafe C5,China,Flying Eye,https://commons.wikimedia.org/w/index.php?search=Mavic%203%20Pro%20Flysafe%20C5%20UAV&title=Special:MediaSearch&type=image,,,,,,
Mavic 3E Flysafe,China,Flying Eye,https://commons.wikimedia.org/w/index.php?search=Mavic%203E%20Flysafe%20UAV&title=Special:MediaSearch&type=image,,,,,,
Mavic 3M Flysafe,China,Flying Eye,https://commons.wikimedia.org/w/index.php?search=Mavic%203M%20Flysafe%20UAV&title=Special:MediaSearch&type=image,,,,,,
Mavic 3T Flysafe,China,Flying Eye,https://commons.wikimedia.org/w/index.php?search=Mavic%203T%20Flysafe%20UAV&title=Special:MediaSearch&type=image,,,,,,
Wing Loong I,China,AVIC,https://commons.wikimedia.org/w/index.php?search=Wing%20Loong%20I%20UAV&title=Special:MediaSearch&type=image,,,,,,
Wing Loong II,China,AVIC,https://commons.wikimedia.org/w/index.php?search=Wing%20Loong%20II%20UAV&title=Special:MediaSearch&type=image,,,,,,
Swift,Denmark,Upteko Aps,https://commons.wikimedia.org/w/index.php?search=Swift%20UAV&title=Special:MediaSearch&type=image,,,,,,
NDN Electric Drone,Finland,NOKIA SOLUTIONS AND NETWORKS OY,https://commons.wikimedia.org/w/index.php?search=NDN%20Electric%20Drone%20UAV&title=Special:MediaSearch&type=image,,,,,,
NDN electric drone XLR,Finland,NOKIA SOLUTIONS AND NETWORKS OY,https://commons.wikimedia.org/w/index.php?search=NDN%20electric%20drone%20XLR%20UAV&title=Special:MediaSearch&type=image,,,,,,
AD405,France,Artech'Drone,https://commons.wikimedia.org/w/index.php?search=AD405%20UAV&title=Special:MediaSearch&type=image,,,,,,
AD405 Spray,France,Artech'Drone,https://commons.wikimedia.org/w/index.php?search=AD405%20Spray%20UAV&title=Special:MediaSearch&type=image,,,,,,
AD405PRO Tethered,France,Artech'Drone,https://commons.wikimedia.org/w/index.php?search=AD405PRO%20Tethered%20UAV&title=Special:MediaSearch&type=image,,,,,,
AD410,France,Artech'Drone,https://commons.wikimedia.org/w/index.php?search=AD410%20UAV&title=Special:MediaSearch&type=image,,,,,,
AD410 Spray,France,Artech'Drone,https://commons.wikimedia.org/w/index.php?search=AD410%20Spray%20UAV&title=Special:MediaSearch&type=image,,,,,,
AD420 Tethered,France,Artech'Drone,https://commons.wikimedia.org/w/index.php?search=AD420%20Tethered%20UAV&title=Special:MediaSearch&type=image,,,,,,
ARES,France,OBJECTIF DRONE PRODUCTION,https://commons.wikimedia.org/w/index.php?search=ARES%20UAV&title=Special:MediaSearch&type=image,,,,,,
ATLAS,France,OBJECTIF DRONE PRODUCTION,https://commons.wikimedia.org/w/index.php?search=ATLAS%20UAV&title=Special:MediaSearch&type=image,,,,,,
Aerobotic Spray-L,France,Aeotic,https://commons.wikimedia.org/w/index.php?search=Aerobotic%20Spray-L%20UAV&title=Special:MediaSearch&type=image,,,,,,
CHRONOS,France,OBJECTIF DRONE PRODUCTION,https://commons.wikimedia.org/w/index.php?search=CHRONOS%20UAV&title=Special:MediaSearch&type=image,,,,,,
CHRONOS MINI,France,OBJECTIF DRONE PRODUCTION,https://commons.wikimedia.org/w/index.php?search=CHRONOS%20MINI%20UAV&title=Special:MediaSearch&type=image,,,,,,
CK23VE SW C6,France,CAVOK UAS,https://commons.wikimedia.org/w/index.php?search=CK23VE%20SW%20C6%20UAV&title=Special:MediaSearch&type=image,,,,,,
CK25 C5,France,CAVOK UAS,https://commons.wikimedia.org/w/index.php?search=CK25%20C5%20UAV&title=Special:MediaSearch&type=image,,,,,,
CK25 C6,France,CAVOK UAS,https://commons.wikimedia.org/w/index.php?search=CK25%20C6%20UAV&title=Special:MediaSearch&type=image,,,,,,
CK4 C5,France,CAVOK UAS,https://commons.wikimedia.org/w/index.php?search=CK4%20C5%20UAV&title=Special:MediaSearch&type=image,,,,,,
CK4 C6,France,CAVOK UAS,https://commons.wikimedia.org/w/index.php?search=CK4%20C6%20UAV&title=Special:MediaSearch&type=image,,,,,,
CK7-2 C6,France,CAVOK UAS,https://commons.wikimedia.org/w/index.php?search=CK7-2%20C6%20UAV&title=Special:MediaSearch&type=image,,,,,,
CK9 C5,France,CAVOK UAS,https://commons.wikimedia.org/w/index.php?search=CK9%20C5%20UAV&title=Special:MediaSearch&type=image,,,,,,
CK9 C6,France,CAVOK UAS,https://commons.wikimedia.org/w/index.php?search=CK9%20C6%20UAV&title=Special:MediaSearch&type=image,,,,,,
DEN-S,France,Artech'Drone,https://commons.wikimedia.org/w/index.php?search=DEN-S%20UAV&title=Special:MediaSearch&type=image,,,,,,
DEN-S Spray,France,Artech'Drone,https://commons.wikimedia.org/w/index.php?search=DEN-S%20Spray%20UAV&title=Special:MediaSearch&type=image,,,,,,
Delair UX 11 Caméra AG,France,Delair,https://commons.wikimedia.org/w/index.php?search=Delair%20UX%2011%20Cam%C3%A9ra%20AG%20UAV&title=Special:MediaSearch&type=image,,,,,,
Delair UX11 Caméra IR,France,Delair,https://commons.wikimedia.org/w/index.php?search=Delair%20UX11%20Cam%C3%A9ra%20IR%20UAV&title=Special:MediaSearch&type=image,,,,,,
Delair UX11 Caméra RGB,France,Delair,https://commons.wikimedia.org/w/index.php?search=Delair%20UX11%20Cam%C3%A9ra%20RGB%20UAV&title=Special:MediaSearch&type=image,,,,,,
Delair UX11 Longue Elongation Caméra AG,France,Delair,https://commons.wikimedia.org/w/index.php?search=Delair%20UX11%20Longue%20Elongation%20Cam%C3%A9ra%20AG%20UAV&title=Special:MediaSearch&type=image,,,,,,
Delair UX11 Longue Elongation Caméra IR,France,Delair,https://commons.wikimedia.org/w/index.php?search=Delair%20UX11%20Longue%20Elongation%20Cam%C3%A9ra%20IR%20UAV&title=Special:MediaSearch&type=image,,,,,,
Delair UX11 Longue Elongation Caméra RGB,France,Delair,https://commons.wikimedia.org/w/index.php?search=Delair%20UX11%20Longue%20Elongation%20Cam%C3%A9ra%20RGB%20UAV&title=Special:MediaSearch&type=image,,,,,,
Delair UX11-Longue Élongation Caméra IR Radiométrique,France,Delair,https://commons.wikimedia.org/w/index.php?search=Delair%20UX11-Longue%20%C3%89longation%20Cam%C3%A9ra%20IR%20Radiom%C3%A9trique%20UAV&title=Special:MediaSearch&type=image,,,,,,
Hercules 20,France,DRONE VOLT,https://commons.wikimedia.org/w/index.php?search=Hercules%2020%20UAV&title=Special:MediaSearch&type=image,,,,,,
INNOVADRONE 410 SPECIAL,France,INNOVADRONE LLC,https://commons.wikimedia.org/w/index.php?search=INNOVADRONE%20410%20SPECIAL%20UAV&title=Special:MediaSearch&type=image,,,,,,
Kobra,France,DRONE VOLT,https://commons.wikimedia.org/w/index.php?search=Kobra%20UAV&title=Special:MediaSearch&type=image,,,,,,
MANTA,France,OBJECTIF DRONE PRODUCTION,https://commons.wikimedia.org/w/index.php?search=MANTA%20UAV&title=Special:MediaSearch&type=image,,,,,,
MéthoDrone Distribution,France,METHODRONE DISTRIBUTION,https://commons.wikimedia.org/w/index.php?search=M%C3%A9thoDrone%20Distribution%20UAV&title=Special:MediaSearch&type=image,,,,,,
Patroller,France,Sagem,https://commons.wikimedia.org/w/index.php?search=Patroller%20UAV&title=Special:MediaSearch&type=image,,,,,,
S-R,France,Aeotic,https://commons.wikimedia.org/w/index.php?search=S-R%20UAV&title=Special:MediaSearch&type=image,,,,,,
SERVICE2DRONE,France,"Thibaut, Bessard",https://commons.wikimedia.org/w/index.php?search=SERVICE2DRONE%20UAV&title=Special:MediaSearch&type=image,,,,,,
SERVIDRONE1000 C5 CAPTIF,France,"Houssard, Francois",https://commons.wikimedia.org/w/index.php?search=SERVIDRONE1000%20C5%20CAPTIF%20UAV&title=Special:MediaSearch&type=image,,,,,,
SERVIDRONE900C5 captif,France,"Houssard, Francois",https://commons.wikimedia.org/w/index.php?search=SERVIDRONE900C5%20captif%20UAV&title=Special:MediaSearch&type=image,,,,,,
SURVEYOR,France,INNOVADRONE LLC,https://commons.wikimedia.org/w/index.php?search=SURVEYOR%20UAV&title=Special:MediaSearch&type=image,,,,,,
SURVEYOR TETHERED,France,INNOVADRONE LLC,https://commons.wikimedia.org/w/index.php?search=SURVEYOR%20TETHERED%20UAV&title=Special:MediaSearch&type=image,,,,,,
SURVEYOR XL TETHERED,France,INNOVADRONE LLC,https://commons.wikimedia.org/w/index.php?search=SURVEYOR%20XL%20TETHERED%20UAV&title=Special:MediaSearch&type=image,,,,,,
SX1.2,France,XSUN,https://commons.wikimedia.org/w/index.php?search=SX1.2%20UAV&title=Special:MediaSearch&type=image,,,,,,
Servidrone1000 C5,France,"Houssard, Francois",https://commons.wikimedia.org/w/index.php?search=Servidrone1000%20C5%20UAV&title=Special:MediaSearch&type=image,,,,,,
Servidrone900 C5,France,"Houssard, Francois",https://commons.wikimedia.org/w/index.php?search=Servidrone900%20C5%20UAV&title=Special:MediaSearch&type=image,,,,,,
Skydart5 C6,France,CAVOK UAS,https://commons.wikimedia.org/w/index.php?search=Skydart5%20C6%20UAV&title=Special:MediaSearch&type=image,,,,,,
Skyinnov AQ3F,France,Aeromapping Solutions t/a SKYINNOV,https://commons.wikimedia.org/w/index.php?search=Skyinnov%20AQ3F%20UAV&title=Special:MediaSearch&type=image,,,,,,
TUNDRA 2.1 C5 C6,France,HEXADRONE,https://commons.wikimedia.org/w/index.php?search=TUNDRA%202.1%20C5%20C6%20UAV&title=Special:MediaSearch&type=image,,,,,,
TUNDRA 2.1 C6,France,HEXADRONE,https://commons.wikimedia.org/w/index.php?search=TUNDRA%202.1%20C6%20UAV&title=Special:MediaSearch&type=image,,,,,,
AIR4 LIGHT,Germany,AIR6 SYSTEMS GmBH,https://commons.wikimedia.org/w/index.php?search=AIR4%20LIGHT%20UAV&title=Special:MediaSearch&type=image,,,,,,
AIR4 MICRO,Germany,AIR6 SYSTEMS GmBH,https://commons.wikimedia.org/w/index.php?search=AIR4%20MICRO%20UAV&title=Special:MediaSearch&type=image,,,,,,
AIR4 NANO,Germany,AIR6 SYSTEMS GmBH,https://commons.wikimedia.org/w/index.php?search=AIR4%20NANO%20UAV&title=Special:MediaSearch&type=image,,,,,,
AIR4 NANO E,Germany,AIR6 SYSTEMS GmBH,https://commons.wikimedia.org/w/index.php?search=AIR4%20NANO%20E%20UAV&title=Special:MediaSearch&type=image,,,,,,
AIR4 RUGGED,Germany,AIR6 SYSTEMS GmBH,https://commons.wikimedia.org/w/index.php?search=AIR4%20RUGGED%20UAV&title=Special:MediaSearch&type=image,,,,,,
AIR8 COMPACT,Germany,AIR6 SYSTEMS GmBH,https://commons.wikimedia.org/w/index.php?search=AIR8%20COMPACT%20UAV&title=Special:MediaSearch&type=image,,,,,,
AIR8 MEDIUM LIFTER,Germany,AIR6 SYSTEMS GmBH,https://commons.wikimedia.org/w/index.php?search=AIR8%20MEDIUM%20LIFTER%20UAV&title=Special:MediaSearch&type=image,,,,,,
HIGHDRA,Germany,Starcopter GmbH,https://commons.wikimedia.org/w/index.php?search=HIGHDRA%20UAV&title=Special:MediaSearch&type=image,,,,,,
Luna NG,Germany,EMT,https://commons.wikimedia.org/w/index.php?search=Luna%20NG%20UAV&title=Special:MediaSearch&type=image,,,,,,
M30 EU,Germany,DJI GmbH,https://commons.wikimedia.org/w/index.php?search=M30%20EU%20UAV&title=Special:MediaSearch&type=image,,,,,,
M30T EU,Germany,DJI GmbH,https://commons.wikimedia.org/w/index.php?search=M30T%20EU%20UAV&title=Special:MediaSearch&type=image,,,,,,
ABZ Innovation C10,Hungary,ABZ Innovation Kft.,https://commons.wikimedia.org/w/index.php?search=ABZ%20Innovation%20C10%20UAV&title=Special:MediaSearch&type=image,,,,,,
Mohajer-6,Iran,Qods Aviation,https://commons.wikimedia.org/w/index.php?search=Mohajer-6%20UAV&title=Special:MediaSearch&type=image,,,,,,
Shahed-129,Iran,HESA,https://commons.wikimedia.org/w/index.php?search=Shahed-129%20UAV&title=Special:MediaSearch&type=image,,,,,,
Harop,Israel,IAI,https://commons.wikimedia.org/w/index.php?search=Harop%20UAV&title=Special:MediaSearch&type=image,,,,,,
Harpy,Israel,IAI,https://commons.wikimedia.org/w/index.php?search=Harpy%20UAV&title=Special:MediaSearch&type=image,,,,,,
Hermes 450,Israel,Elbit Systems,https://commons.wikimedia.org/w/index.php?search=Hermes%20450%20UAV&title=Special:MediaSearch&type=image,,,,,,
Hermes 900,Israel,Elbit Systems,https://commons.wikimedia.org/w/index.php?search=Hermes%20900%20UAV&title=Special:MediaSearch&type=image,,,,,,
FireHound | FH-0,Italy,Vector Robotics Srl,https://commons.wikimedia.org/w/index.php?search=FireHound%20%7C%20FH-0%20UAV&title=Special:MediaSearch&type=image,,,,,,
Guardian,Italy,Vector Robotics Srl,https://commons.wikimedia.org/w/index.php?search=Guardian%20UAV&title=Special:MediaSearch&type=image,,,,,,
Guardian 4K,Italy,Vector Robotics Srl,https://commons.wikimedia.org/w/index.php?search=Guardian%204K%20UAV&title=Special:MediaSearch&type=image,,,,,,
FlyEye,Peru,WB Electronics,https://commons.wikimedia.org/w/index.php?search=FlyEye%20UAV&title=Special:MediaSearch&type=image,,,,,,
Warmate,Peru,WB Electronics,https://commons.wikimedia.org/w/index.php?search=Warmate%20UAV&title=Special:MediaSearch&type=image,,,,,,
Orion,Russia,Kronshtadt Group,https://commons.wikimedia.org/w/index.php?search=Orion%20UAV&title=Special:MediaSearch&type=image,,,,,,
Orlan-10,Russia,Special Technology Center,https://commons.wikimedia.org/w/index.php?search=Orlan-10%20UAV&title=Special:MediaSearch&type=image,,,,,,
Saqr-1,Saudi Arabia,KACST,https://commons.wikimedia.org/w/index.php?search=Saqr-1%20UAV&title=Special:MediaSearch&type=image,,,,,,
Antigravity A1 Infinity Bundle,Singapore,Yingling Innovations Pte. Ltd.,https://commons.wikimedia.org/w/index.php?search=Antigravity%20A1%20Infinity%20Bundle%20UAV&title=Special:MediaSearch&type=image,,,,,,
Antigravity A1 Standard Bundle,Singapore,Yingling Innovations Pte. Ltd.,https://commons.wikimedia.org/w/index.php?search=Antigravity%20A1%20Standard%20Bundle%20UAV&title=Special:MediaSearch&type=image,,,,,,
Seeker 400,South Africa,Denel Dynamics,https://commons.wikimedia.org/w/index.php?search=Seeker%20400%20UAV&title=Special:MediaSearch&type=image,,,,,,
AQUILA,South Korea,"ARGOSDYNE Co., Ltd.",https://commons.wikimedia.org/w/index.php?search=AQUILA%20UAV&title=Special:MediaSearch&type=image,,,,,,
AQUILA3,South Korea,"ARGOSDYNE Co., Ltd.",https://commons.wikimedia.org/w/index.php?search=AQUILA3%20UAV&title=Special:MediaSearch&type=image,,,,,,
MARVIN-5-Mk.3-EC,Spain,FUVEX CIVIL SL,https://commons.wikimedia.org/w/index.php?search=MARVIN-5-Mk.3-EC%20UAV&title=Special:MediaSearch&type=image,,,,,,
X6 Mk.2,Spain,FUVEX CIVIL SL,https://commons.wikimedia.org/w/index.php?search=X6%20Mk.2%20UAV&title=Special:MediaSearch&type=image,,,,,,
WingtraRAY,Switzerland,WINGTRA AG,https://commons.wikimedia.org/w/index.php?search=WingtraRAY%20UAV&title=Special:MediaSearch&type=image,,,,,,
Anka,Türkiye,TAI,https://commons.wikimedia.org/w/index.php?search=Anka%20UAV&title=Special:MediaSearch&type=image,,,,,,
Bayraktar TB2,Türkiye,Baykar Makina,https://commons.wikimedia.org/w/index.php?search=Bayraktar%20TB2%20UAV&title=Special:MediaSearch&type=image,,,,,,
Karayel,Türkiye,Vestel Defence,https://commons.wikimedia.org/w/index.php?search=Karayel%20UAV&title=Special:MediaSearch&type=image,,,,,,
Kargu,Türkiye,STM,https://commons.wikimedia.org/w/index.php?search=Kargu%20UAV&title=Special:MediaSearch&type=image,,,,,,
Leleka-100,Ukraine,DeViro,https://commons.wikimedia.org/w/index.php?search=Leleka-100%20UAV&title=Special:MediaSearch&type=image,,,,,,
Yabhon United-40*,United Arab Emirates,ADCOM Systems,https://commons.wikimedia.org/w/index.php?search=Yabhon%20United-40%2A%20UAV&title=Special:MediaSearch&type=image,,,,,,
MQ-1C Gray Eagle,United States,GA-ASI,https://commons.wikimedia.org/w/index.php?search=MQ-1C%20Gray%20Eagle%20UAV&title=Special:MediaSearch&type=image,,,,,,
MQ-25 Stingray,United States,Boeing,https://commons.wikimedia.org/w/index.php?search=MQ-25%20Stingray%20UAV&title=Special:MediaSearch&type=image,,,,,,
MQ-4C Triton,United States,Northrop Grumman,https://commons.wikimedia.org/w/index.php?search=MQ-4C%20Triton%20UAV&title=Special:MediaSearch&type=image,,,,,,
RQ-170 Sentinel,United States,Lockheed Martin,https://commons.wikimedia.org/w/index.php?search=RQ-170%20Sentinel%20UAV&title=Special:MediaSearch&type=image,,,,,,
RQ-4 Global Hawk,United States,Northrop Grumman,https://commons.wikimedia.org/w/index.php?search=RQ-4%20Global%20Hawk%20UAV&title=Special:MediaSearch&type=image,,,,,,
ScanEagle,United States,Insitu,https://commons.wikimedia.org/w/index.php?search=ScanEagle%20UAV&title=Special:MediaSearch&type=image,,,,,,
Autel EVO Max 4T,China,Autel,https://commons.wikimedia.org/w/index.php?search=Autel%20EVO%20Max%204T%20UAV&title=Special:MediaSearch&type=image,,,,,,
DJI FlyCart 30,China,DJI,https://commons.wikimedia.org/w/index.php?search=DJI%20FlyCart%2030%20UAV&title=Special:MediaSearch&type=image,,,,,,
Delair UX11,France,Delair,https://commons.wikimedia.org/w/index.php?search=Delair%20UX11%20UAV&title=Special:MediaSearch&type=image,,,,,,
Freefly Alta X,United States,Freefly,https://commons.wikimedia.org/w/index.php?search=Freefly%20Alta%20X%20UAV&title=Special:MediaSearch&type=image,,,,,,
Aukán,Argentina,DGIyD,https://commons.wikimedia.org/w/index.php?search=Auk%C3%A1n%20UAV&title=Special:MediaSearch&type=image,,,,,,
Vigía 2B,Argentina,DGIyD,https://commons.wikimedia.org/w/index.php?search=Vig%C3%ADa%202B%20UAV&title=Special:MediaSearch&type=image,,,,,,
Baze,Armenia,Military Aviation Institute,https://commons.wikimedia.org/w/index.php?search=Baze%20UAV&title=Special:MediaSearch&type=image,,,,,,
CamCopter S-100,Austria,Schiebel,https://commons.wikimedia.org/w/index.php?search=CamCopter%20S-100%20UAV&title=Special:MediaSearch&type=image,,,,,,
Berkut-2,Belarus,JSC Agat Control Systems,https://commons.wikimedia.org/w/index.php?search=Berkut-2%20UAV&title=Special:MediaSearch&type=image,,,,,,
Burevestnik-MB,Belarus,NPT MBK*,https://commons.wikimedia.org/w/index.php?search=Burevestnik-MB%20UAV&title=Special:MediaSearch&type=image,,,,,,
Busel (M50),Belarus,NPT MBK*,https://commons.wikimedia.org/w/index.php?search=Busel%20%28M50%29%20UAV&title=Special:MediaSearch&type=image,,,,,,
Mosquito,Belarus,558 Aviation Repair Plant,https://commons.wikimedia.org/w/index.php?search=Mosquito%20UAV&title=Special:MediaSearch&type=image,,,,,,
FT-100 Horus,Brazil,FT Sistemas,https://commons.wikimedia.org/w/index.php?search=FT-100%20Horus%20UAV&title=Special:MediaSearch&type=image,,,,,,
NightHawk IV,Canada,ARA Robotics,https://commons.wikimedia.org/w/index.php?search=NightHawk%20IV%20UAV&title=Special:MediaSearch&type=image,,,,,,
ASN-104,China,Xi’an ASN Technology Group,https://commons.wikimedia.org/w/index.php?search=ASN-104%20UAV&title=Special:MediaSearch&type=image,,,,,,
ASN-206,China,Xi’an ASN Technology Group,https://commons.wikimedia.org/w/index.php?search=ASN-206%20UAV&title=Special:MediaSearch&type=image,,,,,,
ASN-207,China,Xi’an ASN Technology Group,https://commons.wikimedia.org/w/index.php?search=ASN-207%20UAV&title=Special:MediaSearch&type=image,,,,,,
AV500W,China,AVIC,https://commons.wikimedia.org/w/index.php?search=AV500W%20UAV&title=Special:MediaSearch&type=image,,,,,,
BZK-005,China,Beihang,https://commons.wikimedia.org/w/index.php?search=BZK-005%20UAV&title=Special:MediaSearch&type=image,,,,,,
BZK-007,China,GAIC,https://commons.wikimedia.org/w/index.php?search=BZK-007%20UAV&title=Special:MediaSearch&type=image,,,,,,
BZK-206,China,Beihang,https://commons.wikimedia.org/w/index.php?search=BZK-206%20UAV&title=Special:MediaSearch&type=image,,,,,,
Blowfish 1,China,Ziyan,https://commons.wikimedia.org/w/index.php?search=Blowfish%201%20UAV&title=Special:MediaSearch&type=image,,,,,,
CH-3,China,CASC,https://commons.wikimedia.org/w/index.php?search=CH-3%20UAV&title=Special:MediaSearch&type=image,,,,,,
CH-7,China,CASC,https://commons.wikimedia.org/w/index.php?search=CH-7%20UAV&title=Special:MediaSearch&type=image,,,,,,
CH-802,China,CASC,https://commons.wikimedia.org/w/index.php?search=CH-802%20UAV&title=Special:MediaSearch&type=image,,,,,,
Cloud Shadow,China,AVIC,https://commons.wikimedia.org/w/index.php?search=Cloud%20Shadow%20UAV&title=Special:MediaSearch&type=image,,,,,,
Divine Eagle,China,Shenyang Aircraft Corporation’s 601 Institute,https://commons.wikimedia.org/w/index.php?search=Divine%20Eagle%20UAV&title=Special:MediaSearch&type=image,,,,,,
Fei Long 1,China,Guide Control Technology Company,https://commons.wikimedia.org/w/index.php?search=Fei%20Long%201%20UAV&title=Special:MediaSearch&type=image,,,,,,
Feihong-98,China,AVIC,https://commons.wikimedia.org/w/index.php?search=Feihong-98%20UAV&title=Special:MediaSearch&type=image,,,,,,
HW-350,China,CASIC,https://commons.wikimedia.org/w/index.php?search=HW-350%20UAV&title=Special:MediaSearch&type=image,,,,,,
Inspire,China,DJI,https://commons.wikimedia.org/w/index.php?search=Inspire%20UAV&title=Special:MediaSearch&type=image,,,,,,
Mavic,China,DJI,https://commons.wikimedia.org/w/index.php?search=Mavic%20UAV&title=Special:MediaSearch&type=image,,,,,,
Phantom,China,DJI,https://commons.wikimedia.org/w/index.php?search=Phantom%20UAV&title=Special:MediaSearch&type=image,,,,,,
Qi Mingxing,China,AVIC,https://commons.wikimedia.org/w/index.php?search=Qi%20Mingxing%20UAV&title=Special:MediaSearch&type=image,,,,,,
SD-40 (Sea Cavalry),China,Han's Eagle,https://commons.wikimedia.org/w/index.php?search=SD-40%20%28Sea%20Cavalry%29%20UAV&title=Special:MediaSearch&type=image,,,,,,
Sky-09P,China,Taiyuan,https://commons.wikimedia.org/w/index.php?search=Sky-09P%20UAV&title=Special:MediaSearch&type=image,,,,,,
TB-001,China,Tengoen Technology,https://commons.wikimedia.org/w/index.php?search=TB-001%20UAV&title=Special:MediaSearch&type=image,,,,,,
TB-002,China,Tengoen Technology,https://commons.wikimedia.org/w/index.php?search=TB-002%20UAV&title=Special:MediaSearch&type=image,,,,,,
Tian Ying,China,CASIC,https://commons.wikimedia.org/w/index.php?search=Tian%20Ying%20UAV&title=Special:MediaSearch&type=image,,,,,,
UV-10CAM,China,Microfly,https://commons.wikimedia.org/w/index.php?search=UV-10CAM%20UAV&title=Special:MediaSearch&type=image,,,,,,
Wing Loon 1D,China,AVIC,https://commons.wikimedia.org/w/index.php?search=Wing%20Loon%201D%20UAV&title=Special:MediaSearch&type=image,,,,,,
Xianglong,China,GAIG,https://commons.wikimedia.org/w/index.php?search=Xianglong%20UAV&title=Special:MediaSearch&type=image,,,,,,
Yaoying 2,China,AVIC,https://commons.wikimedia.org/w/index.php?search=Yaoying%202%20UAV&title=Special:MediaSearch&type=image,,,,,,
Huginn X1,Denmark,Sky-Watch,https://commons.wikimedia.org/w/index.php?search=Huginn%20X1%20UAV&title=Special:MediaSearch&type=image,,,,,,
3S,France,Drone Protect Systems,https://commons.wikimedia.org/w/index.php?search=3S%20UAV&title=Special:MediaSearch&type=image,,,,,,
IT180-3EL-1,France,"ECA Group,Infotron",https://commons.wikimedia.org/w/index.php?search=IT180-3EL-1%20UAV&title=Special:MediaSearch&type=image,,,,,,
NX70,France,Novadem,https://commons.wikimedia.org/w/index.php?search=NX70%20UAV&title=Special:MediaSearch&type=image,,,,,,
Sperwer,France,Sagem,https://commons.wikimedia.org/w/index.php?search=Sperwer%20UAV&title=Special:MediaSearch&type=image,,,,,,
Spy’Ranger,France,Thales,https://commons.wikimedia.org/w/index.php?search=Spy%E2%80%99Ranger%20UAV&title=Special:MediaSearch&type=image,,,,,,
Tracker,France,EADS Cassidian,https://commons.wikimedia.org/w/index.php?search=Tracker%20UAV&title=Special:MediaSearch&type=image,,,,,,
ALADIN,Germany,EMT,https://commons.wikimedia.org/w/index.php?search=ALADIN%20UAV&title=Special:MediaSearch&type=image,,,,,,
KZO,Germany,Rheinmetall,https://commons.wikimedia.org/w/index.php?search=KZO%20UAV&title=Special:MediaSearch&type=image,,,,,,
LUNA,Germany,EMT,https://commons.wikimedia.org/w/index.php?search=LUNA%20UAV&title=Special:MediaSearch&type=image,,,,,,
MIKADO,Germany,AirRobot,https://commons.wikimedia.org/w/index.php?search=MIKADO%20UAV&title=Special:MediaSearch&type=image,,,,,,
Pegasus II Block I,Greece,Hellenic Aerospace Industry,https://commons.wikimedia.org/w/index.php?search=Pegasus%20II%20Block%20I%20UAV&title=Special:MediaSearch&type=image,,,,,,
PUNA Wulung,Indonesia,"BPPT,PTDI",https://commons.wikimedia.org/w/index.php?search=PUNA%20Wulung%20UAV&title=Special:MediaSearch&type=image,,,,,,
Ababil-3,Iran,Qods Aviation,https://commons.wikimedia.org/w/index.php?search=Ababil-3%20UAV&title=Special:MediaSearch&type=image,,,,,,
Mohajer-2,Iran,Qods Aviation,https://commons.wikimedia.org/w/index.php?search=Mohajer-2%20UAV&title=Special:MediaSearch&type=image,,,,,,
Mohajer-4,Iran,Qods Aviation,https://commons.wikimedia.org/w/index.php?search=Mohajer-4%20UAV&title=Special:MediaSearch&type=image,,,,,,
Oghab-1,Iran,Farnas Aerospace,https://commons.wikimedia.org/w/index.php?search=Oghab-1%20UAV&title=Special:MediaSearch&type=image,,,,,,
Saegheh,Iran,Shahed Aviation Industries,https://commons.wikimedia.org/w/index.php?search=Saegheh%20UAV&title=Special:MediaSearch&type=image,,,,,,
Shahed-123,Iran,HESA,https://commons.wikimedia.org/w/index.php?search=Shahed-123%20UAV&title=Special:MediaSearch&type=image,,,,,,
Bird Eye 400,Israel,IAI,https://commons.wikimedia.org/w/index.php?search=Bird%20Eye%20400%20UAV&title=Special:MediaSearch&type=image,,,,,,
Blue Horizon II,Israel,EMIT Aviation,https://commons.wikimedia.org/w/index.php?search=Blue%20Horizon%20II%20UAV&title=Special:MediaSearch&type=image,,,,,,
Dominator,Israel,Aeronautics,https://commons.wikimedia.org/w/index.php?search=Dominator%20UAV&title=Special:MediaSearch&type=image,,,,,,
Heron,Israel,IAI,https://commons.wikimedia.org/w/index.php?search=Heron%20UAV&title=Special:MediaSearch&type=image,,,,,,
Hovermast 150,Israel,Sky Sapience,https://commons.wikimedia.org/w/index.php?search=Hovermast%20150%20UAV&title=Special:MediaSearch&type=image,,,,,,
MicroFalcon,Israel,Innocon,https://commons.wikimedia.org/w/index.php?search=MicroFalcon%20UAV&title=Special:MediaSearch&type=image,,,,,,
Orbiter (Orbiter 3),Israel,Aeronautics,https://commons.wikimedia.org/w/index.php?search=Orbiter%20%28Orbiter%203%29%20UAV&title=Special:MediaSearch&type=image,,,,,,
Orbiter-1K,Israel,Aeronautics,https://commons.wikimedia.org/w/index.php?search=Orbiter-1K%20UAV&title=Special:MediaSearch&type=image,,,,,,
Searcher (Mk 3),Israel,IAI,https://commons.wikimedia.org/w/index.php?search=Searcher%20%28Mk%203%29%20UAV&title=Special:MediaSearch&type=image,,,,,,
Sky Striker,Israel,Elbit Systems,https://commons.wikimedia.org/w/index.php?search=Sky%20Striker%20UAV&title=Special:MediaSearch&type=image,,,,,,
Skylark (Skylark 3),Israel,Elbit Systems,https://commons.wikimedia.org/w/index.php?search=Skylark%20%28Skylark%203%29%20UAV&title=Special:MediaSearch&type=image,,,,,,
Skylark I-LE (Skylark I-LEX),Israel,Elbit Systems,https://commons.wikimedia.org/w/index.php?search=Skylark%20I-LE%20%28Skylark%20I-LEX%29%20UAV&title=Special:MediaSearch&type=image,,,,,,
SpyLite,Israel,Bluebird Aero,https://commons.wikimedia.org/w/index.php?search=SpyLite%20UAV&title=Special:MediaSearch&type=image,,,,,,
Falco,Italy,Leonardo,https://commons.wikimedia.org/w/index.php?search=Falco%20UAV&title=Special:MediaSearch&type=image,,,,,,
Falco Explorer,Italy,Leonardo,https://commons.wikimedia.org/w/index.php?search=Falco%20Explorer%20UAV&title=Special:MediaSearch&type=image,,,,,,
P.1HH Hammer- Head,Italy,Piaggio Aerospace,https://commons.wikimedia.org/w/index.php?search=P.1HH%20Hammer-%20Head%20UAV&title=Special:MediaSearch&type=image,,,,,,
RQ-24A Sixton,Italy,Alpi Aviation,https://commons.wikimedia.org/w/index.php?search=RQ-24A%20Sixton%20UAV&title=Special:MediaSearch&type=image,,,,,,
Strix-C,Italy,Alpi Aviation,https://commons.wikimedia.org/w/index.php?search=Strix-C%20UAV&title=Special:MediaSearch&type=image,,,,,,
Strix-D,Italy,Alpi Aviation,https://commons.wikimedia.org/w/index.php?search=Strix-D%20UAV&title=Special:MediaSearch&type=image,,,,,,
FFOS,Japan,Fuji Heavy Industries,https://commons.wikimedia.org/w/index.php?search=FFOS%20UAV&title=Special:MediaSearch&type=image,,,,,,
FFRS,Japan,Fuji Heavy Industries,https://commons.wikimedia.org/w/index.php?search=FFRS%20UAV&title=Special:MediaSearch&type=image,,,,,,
JUXS-S1,Japan,Hitachi,https://commons.wikimedia.org/w/index.php?search=JUXS-S1%20UAV&title=Special:MediaSearch&type=image,,,,,,
Penguin C,Latvia,UAV Factory,https://commons.wikimedia.org/w/index.php?search=Penguin%20C%20UAV&title=Special:MediaSearch&type=image,,,,,,
Aludra (Mk1),Malaysia,CTRM,https://commons.wikimedia.org/w/index.php?search=Aludra%20%28Mk1%29%20UAV&title=Special:MediaSearch&type=image,,,,,,
G1 Guerrero,Mexico,Hydra Technologies,https://commons.wikimedia.org/w/index.php?search=G1%20Guerrero%20UAV&title=Special:MediaSearch&type=image,,,,,,
S4 Ehécatl,Mexico,Hydra Technologies,https://commons.wikimedia.org/w/index.php?search=S4%20Eh%C3%A9catl%20UAV&title=Special:MediaSearch&type=image,,,,,,
S45 Balaam,Mexico,Hydra Technologies,https://commons.wikimedia.org/w/index.php?search=S45%20Balaam%20UAV&title=Special:MediaSearch&type=image,,,,,,
Tsaigumi,Mexico,"431 Engineering Group, UAVision",https://commons.wikimedia.org/w/index.php?search=Tsaigumi%20UAV&title=Special:MediaSearch&type=image,,,,,,
Ranger,Multinational,"IAI,RUAG",https://commons.wikimedia.org/w/index.php?search=Ranger%20UAV&title=Special:MediaSearch&type=image,,,,,,
UAV (Mohajem 92),Multinational,State Company for Military Industries (Iraq),https://commons.wikimedia.org/w/index.php?search=UAV%20%28Mohajem%2092%29%20UAV&title=Special:MediaSearch&type=image,,,,,,
Watchkeeper,Multinational,"Thales UK,Elbit Systems",https://commons.wikimedia.org/w/index.php?search=Watchkeeper%20UAV&title=Special:MediaSearch&type=image,,,,,,
Shahpar,Pakistan,GIDS,https://commons.wikimedia.org/w/index.php?search=Shahpar%20UAV&title=Special:MediaSearch&type=image,,,,,,
Uqab,Pakistan,GIDS,https://commons.wikimedia.org/w/index.php?search=Uqab%20UAV&title=Special:MediaSearch&type=image,,,,,,
PGZ-19R,Peru,WZL-2,https://commons.wikimedia.org/w/index.php?search=PGZ-19R%20UAV&title=Special:MediaSearch&type=image,,,,,,
Ricuk,Peru,CIDEP,https://commons.wikimedia.org/w/index.php?search=Ricuk%20UAV&title=Special:MediaSearch&type=image,,,,,,
SACT Boreal 5,Romania,Military Equipment and Technologies Research Agency,https://commons.wikimedia.org/w/index.php?search=SACT%20Boreal%205%20UAV&title=Special:MediaSearch&type=image,,,,,,
Corsair,Russia,OKB Luch,https://commons.wikimedia.org/w/index.php?search=Corsair%20UAV&title=Special:MediaSearch&type=image,,,,,,
Eleron-3SV,Russia,Eniks,https://commons.wikimedia.org/w/index.php?search=Eleron-3SV%20UAV&title=Special:MediaSearch&type=image,,,,,,
Granat-1,Russia,Kalashnikov,https://commons.wikimedia.org/w/index.php?search=Granat-1%20UAV&title=Special:MediaSearch&type=image,,,,,,
Granat-4,Russia,Kalashnikov,https://commons.wikimedia.org/w/index.php?search=Granat-4%20UAV&title=Special:MediaSearch&type=image,,,,,,
Ptero-5E,Russia,AFM Servers,https://commons.wikimedia.org/w/index.php?search=Ptero-5E%20UAV&title=Special:MediaSearch&type=image,,,,,,
Takhion,Russia,Izhmash-UAV,https://commons.wikimedia.org/w/index.php?search=Takhion%20UAV&title=Special:MediaSearch&type=image,,,,,,
Skyblade III,Singapore,Singapore Technologies,https://commons.wikimedia.org/w/index.php?search=Skyblade%20III%20UAV&title=Special:MediaSearch&type=image,,,,,,
Bramor,Slovenia,C-Astral,https://commons.wikimedia.org/w/index.php?search=Bramor%20UAV&title=Special:MediaSearch&type=image,,,,,,
Indiza,South Africa,CSIR,https://commons.wikimedia.org/w/index.php?search=Indiza%20UAV&title=Special:MediaSearch&type=image,,,,,,
Seeker 200,South Africa,Denel Dynamics,https://commons.wikimedia.org/w/index.php?search=Seeker%20200%20UAV&title=Special:MediaSearch&type=image,,,,,,
RQ-101 Falcon,South Korea,KAI,https://commons.wikimedia.org/w/index.php?search=RQ-101%20Falcon%20UAV&title=Special:MediaSearch&type=image,,,,,,
RQ-102,South Korea,KAI,https://commons.wikimedia.org/w/index.php?search=RQ-102%20UAV&title=Special:MediaSearch&type=image,,,,,,
RemoEye-002B,South Korea,UconSystem,https://commons.wikimedia.org/w/index.php?search=RemoEye-002B%20UAV&title=Special:MediaSearch&type=image,,,,,,
Remoeye-006,South Korea,Ucon System,https://commons.wikimedia.org/w/index.php?search=Remoeye-006%20UAV&title=Special:MediaSearch&type=image,,,,,,
XeFI,South Korea,NESTEC,https://commons.wikimedia.org/w/index.php?search=XeFI%20UAV&title=Special:MediaSearch&type=image,,,,,,
Alpha 800,Spain,Alpha Unmanned Systems,https://commons.wikimedia.org/w/index.php?search=Alpha%20800%20UAV&title=Special:MediaSearch&type=image,,,,,,
Atlante Tucan,Spain,Airbus SCR,https://commons.wikimedia.org/w/index.php?search=Atlante%20Tucan%20UAV&title=Special:MediaSearch&type=image,,,,,,
Atlantic,Spain,SCR,https://commons.wikimedia.org/w/index.php?search=Atlantic%20UAV&title=Special:MediaSearch&type=image,,,,,,
Condor,Spain,Drone Tools,https://commons.wikimedia.org/w/index.php?search=Condor%20UAV&title=Special:MediaSearch&type=image,,,,,,
Fulmar X,Spain,Thales España,https://commons.wikimedia.org/w/index.php?search=Fulmar%20X%20UAV&title=Special:MediaSearch&type=image,,,,,,
Sistema integrado de vigilancia aérea (SIVA),Spain,National Institute of Aerospace Technology,https://commons.wikimedia.org/w/index.php?search=Sistema%20integrado%20de%20vigilancia%20a%C3%A9rea%20%28SIVA%29%20UAV&title=Special:MediaSearch&type=image,,,,,,
F-330,Sweden,UMS Skeldar,https://commons.wikimedia.org/w/index.php?search=F-330%20UAV&title=Special:MediaSearch&type=image,,,,,,
V-200,Sweden,UMS Skeldar,https://commons.wikimedia.org/w/index.php?search=V-200%20UAV&title=Special:MediaSearch&type=image,,,,,,
Cardinal II,Taiwan,NCSIST,https://commons.wikimedia.org/w/index.php?search=Cardinal%20II%20UAV&title=Special:MediaSearch&type=image,,,,,,
Chung Shyang II,Taiwan,CSIST,https://commons.wikimedia.org/w/index.php?search=Chung%20Shyang%20II%20UAV&title=Special:MediaSearch&type=image,,,,,,
Teng Yun,Taiwan,National Chung- Shan Institute of Science and Technology,https://commons.wikimedia.org/w/index.php?search=Teng%20Yun%20UAV&title=Special:MediaSearch&type=image,,,,,,
Narai 3.0,Thailand,Naval Research and Development Office (NRDO),https://commons.wikimedia.org/w/index.php?search=Narai%203.0%20UAV&title=Special:MediaSearch&type=image,,,,,,
Tiger Shark II,Thailand,DTI,https://commons.wikimedia.org/w/index.php?search=Tiger%20Shark%20II%20UAV&title=Special:MediaSearch&type=image,,,,,,
U-1 Sky Scout,Thailand,RV Connex,https://commons.wikimedia.org/w/index.php?search=U-1%20Sky%20Scout%20UAV&title=Special:MediaSearch&type=image,,,,,,
Bayraktar Mini,Türkiye,Kale-Baykar,https://commons.wikimedia.org/w/index.php?search=Bayraktar%20Mini%20UAV&title=Special:MediaSearch&type=image,,,,,,
Serçe-1,Türkiye,Aselsan,https://commons.wikimedia.org/w/index.php?search=Ser%C3%A7e-1%20UAV&title=Special:MediaSearch&type=image,,,,,,
A1-S,Ukraine,Athlone Air,https://commons.wikimedia.org/w/index.php?search=A1-S%20UAV&title=Special:MediaSearch&type=image,,,,,,
ASU-1 Valkyrie,Ukraine,Aviation Systems of Ukraine,https://commons.wikimedia.org/w/index.php?search=ASU-1%20Valkyrie%20UAV&title=Special:MediaSearch&type=image,,,,,,
Horlytsya,Ukraine,Antonov,https://commons.wikimedia.org/w/index.php?search=Horlytsya%20UAV&title=Special:MediaSearch&type=image,,,,,,
Observer-S,Ukraine,Def C,https://commons.wikimedia.org/w/index.php?search=Observer-S%20UAV&title=Special:MediaSearch&type=image,,,,,,
Raybird-3,Ukraine,AVK Skateon,https://commons.wikimedia.org/w/index.php?search=Raybird-3%20UAV&title=Special:MediaSearch&type=image,,,,,,
Sparrow,Ukraine,Spaitech,https://commons.wikimedia.org/w/index.php?search=Sparrow%20UAV&title=Special:MediaSearch&type=image,,,,,,
Spectator-M,Ukraine,Politeco Aero,https://commons.wikimedia.org/w/index.php?search=Spectator-M%20UAV&title=Special:MediaSearch&type=image,,,,,,
Yabhon Flash-20*,United Arab Emirates,ADCOM Systems,https://commons.wikimedia.org/w/index.php?search=Yabhon%20Flash-20%2A%20UAV&title=Special:MediaSearch&type=image,,,,,,
Black Hornet (PRS),United States,FLIR,https://commons.wikimedia.org/w/index.php?search=Black%20Hornet%20%28PRS%29%20UAV&title=Special:MediaSearch&type=image,,,,,,
Desert Hawk (3),United States,Lockheed Martin,https://commons.wikimedia.org/w/index.php?search=Desert%20Hawk%20%283%29%20UAV&title=Special:MediaSearch&type=image,,,,,,
InstantEye (Gen3),United States,Physical Sciences,https://commons.wikimedia.org/w/index.php?search=InstantEye%20%28Gen3%29%20UAV&title=Special:MediaSearch&type=image,,,,,,
K-MAX,United States,Kaman,https://commons.wikimedia.org/w/index.php?search=K-MAX%20UAV&title=Special:MediaSearch&type=image,,,,,,
MQ-1 Predator,United States,GA-ASI,https://commons.wikimedia.org/w/index.php?search=MQ-1%20Predator%20UAV&title=Special:MediaSearch&type=image,,,,,,
MQ-19 Aerosonde,United States,AAI,https://commons.wikimedia.org/w/index.php?search=MQ-19%20Aerosonde%20UAV&title=Special:MediaSearch&type=image,,,,,,
MQ-8 Fire Scout ( C ),United States,Northrop Grumman,https://commons.wikimedia.org/w/index.php?search=MQ-8%20Fire%20Scout%20%28%20C%20%29%20UAV&title=Special:MediaSearch&type=image,,,,,,
MQ-9 Reaper,United States,GA-ASI,https://commons.wikimedia.org/w/index.php?search=MQ-9%20Reaper%20UAV&title=Special:MediaSearch&type=image,,,,,,
Phoenix 30,United States,UAV Solutions,https://commons.wikimedia.org/w/index.php?search=Phoenix%2030%20UAV&title=Special:MediaSearch&type=image,,,,,,
RQ-11,United States,AeroVironment,https://commons.wikimedia.org/w/index.php?search=RQ-11%20UAV&title=Special:MediaSearch&type=image,,,,,,
RQ-12 Wasp,United States,AeroVironment,https://commons.wikimedia.org/w/index.php?search=RQ-12%20Wasp%20UAV&title=Special:MediaSearch&type=image,,,,,,
RQ-180,United States,Northrop Grumman,https://commons.wikimedia.org/w/index.php?search=RQ-180%20UAV&title=Special:MediaSearch&type=image,,,,,,
RQ-20 Puma (AE),United States,AeroVironment,https://commons.wikimedia.org/w/index.php?search=RQ-20%20Puma%20%28AE%29%20UAV&title=Special:MediaSearch&type=image,,,,,,
RQ-21 Blackjack,United States,Insitu,https://commons.wikimedia.org/w/index.php?search=RQ-21%20Blackjack%20UAV&title=Special:MediaSearch&type=image,,,,,,
RQ-23 Tigershark,United States,Navmar Applied Sciences Corporation,https://commons.wikimedia.org/w/index.php?search=RQ-23%20Tigershark%20UAV&title=Special:MediaSearch&type=image,,,,,,
RQ-7 Shadow,United States,AAI,https://commons.wikimedia.org/w/index.php?search=RQ-7%20Shadow%20UAV&title=Special:MediaSearch&type=image,,,,,,
Silver Fox,United States,"BAE,Raytheon",https://commons.wikimedia.org/w/index.php?search=Silver%20Fox%20UAV&title=Special:MediaSearch&type=image,,,,,,
Stalker,United States,Lockheed Martin,https://commons.wikimedia.org/w/index.php?search=Stalker%20UAV&title=Special:MediaSearch&type=image,,,,,,
Switchblade,United States,AeroVironment,https://commons.wikimedia.org/w/index.php?search=Switchblade%20UAV&title=Special:MediaSearch&type=image,,,,,,
T-20 JUMP,United States,Arcturus,https://commons.wikimedia.org/w/index.php?search=T-20%20JUMP%20UAV&title=Special:MediaSearch&type=image,,,,,,
T-Hawk,United States,Honeywell,https://commons.wikimedia.org/w/index.php?search=T-Hawk%20UAV&title=Special:MediaSearch&type=image,,,,,,
ANT,Uruguay,CIACA,https://commons.wikimedia.org/w/index.php?search=ANT%20UAV&title=Special:MediaSearch&type=image,,,,,,
Shikra,Vietnam,Viettel,https://commons.wikimedia.org/w/index.php?search=Shikra%20UAV&title=Special:MediaSearch&type=image,,,,,,
Agras MG-1,China,DJI,https://commons.wikimedia.org/w/index.php?search=Agras%20MG-1%20UAV&title=Special:MediaSearch&type=image,,,,,,
Agras MG-1P,China,DJI,https://commons.wikimedia.org/w/index.php?search=Agras%20MG-1P%20UAV&title=Special:MediaSearch&type=image,,,,,,
Agras MG-1P RTK,China,DJI,https://commons.wikimedia.org/w/index.php?search=Agras%20MG-1P%20RTK%20UAV&title=Special:MediaSearch&type=image,,,,,,
Agras MG-1S,China,DJI,https://commons.wikimedia.org/w/index.php?search=Agras%20MG-1S%20UAV&title=Special:MediaSearch&type=image,,,,,,
Agras MG-1S RTK,China,DJI,https://commons.wikimedia.org/w/index.php?search=Agras%20MG-1S%20RTK%20UAV&title=Special:MediaSearch&type=image,,,,,,
Agras T10,China,DJI,https://commons.wikimedia.org/w/index.php?search=Agras%20T10%20UAV&title=Special:MediaSearch&type=image,,,,,,
Agras T100,China,DJI,https://commons.wikimedia.org/w/index.php?search=Agras%20T100%20UAV&title=Special:MediaSearch&type=image,,,,,,
Agras T16,China,DJI,https://commons.wikimedia.org/w/index.php?search=Agras%20T16%20UAV&title=Special:MediaSearch&type=image,,,,,,
Agras T20,China,DJI,https://commons.wikimedia.org/w/index.php?search=Agras%20T20%20UAV&title=Special:MediaSearch&type=image,,,,,,
Agras T20P,China,DJI,https://commons.wikimedia.org/w/index.php?search=Agras%20T20P%20UAV&title=Special:MediaSearch&type=image,,,,,,
Agras T25,China,DJI,https://commons.wikimedia.org/w/index.php?search=Agras%20T25%20UAV&title=Special:MediaSearch&type=image,,,,,,
Agras T25P,China,DJI,https://commons.wikimedia.org/w/index.php?search=Agras%20T25P%20UAV&title=Special:MediaSearch&type=image,,,,,,
Agras T30,China,DJI,https://commons.wikimedia.org/w/index.php?search=Agras%20T30%20UAV&title=Special:MediaSearch&type=image,,,,,,
Agras T40,China,DJI,https://commons.wikimedia.org/w/index.php?search=Agras%20T40%20UAV&title=Special:MediaSearch&type=image,,,,,,
Agras T70P,China,DJI,https://commons.wikimedia.org/w/index.php?search=Agras%20T70P%20UAV&title=Special:MediaSearch&type=image,,,,,,
Avata,China,DJI,https://commons.wikimedia.org/w/index.php?search=Avata%20UAV&title=Special:MediaSearch&type=image,,,,,,
Breeze,China,Yuneec,https://commons.wikimedia.org/w/index.php?search=Breeze%20UAV&title=Special:MediaSearch&type=image,,,,,,
DJI Matrice 350 RTK,China,DJI,https://commons.wikimedia.org/w/index.php?search=DJI%20Matrice%20350%20RTK%20UAV&title=Special:MediaSearch&type=image,,,,,,
Dragonfish,China,Autel,https://commons.wikimedia.org/w/index.php?search=Dragonfish%20UAV&title=Special:MediaSearch&type=image,,,,,,
EVO Nano,China,Autel,https://commons.wikimedia.org/w/index.php?search=EVO%20Nano%20UAV&title=Special:MediaSearch&type=image,,,,,,
Evo,China,Autel,https://commons.wikimedia.org/w/index.php?search=Evo%20UAV&title=Special:MediaSearch&type=image,,,,,,
Evo 2 Dual,China,Autel,https://commons.wikimedia.org/w/index.php?search=Evo%202%20Dual%20UAV&title=Special:MediaSearch&type=image,,,,,,
Evo 2 Dual 640T,China,Autel,https://commons.wikimedia.org/w/index.php?search=Evo%202%20Dual%20640T%20UAV&title=Special:MediaSearch&type=image,,,,,,
Evo 2 Pro,China,Autel,https://commons.wikimedia.org/w/index.php?search=Evo%202%20Pro%20UAV&title=Special:MediaSearch&type=image,,,,,,
Evo II,China,Autel,https://commons.wikimedia.org/w/index.php?search=Evo%20II%20UAV&title=Special:MediaSearch&type=image,,,,,,
Evo Lite,China,Autel,https://commons.wikimedia.org/w/index.php?search=Evo%20Lite%20UAV&title=Special:MediaSearch&type=image,,,,,,
FIMI X8,China,Xiaomi,https://commons.wikimedia.org/w/index.php?search=FIMI%20X8%20UAV&title=Special:MediaSearch&type=image,,,,,,
FPV,China,DJI,https://commons.wikimedia.org/w/index.php?search=FPV%20UAV&title=Special:MediaSearch&type=image,,,,,,
Flame Wheel F330,China,DJI,https://commons.wikimedia.org/w/index.php?search=Flame%20Wheel%20F330%20UAV&title=Special:MediaSearch&type=image,,,,,,
Flame Wheel F450,China,DJI,https://commons.wikimedia.org/w/index.php?search=Flame%20Wheel%20F450%20UAV&title=Special:MediaSearch&type=image,,,,,,
Flame Wheel F550,China,DJI,https://commons.wikimedia.org/w/index.php?search=Flame%20Wheel%20F550%20UAV&title=Special:MediaSearch&type=image,,,,,,
FlyCart 100 Ultimate,China,DJI,https://commons.wikimedia.org/w/index.php?search=FlyCart%20100%20Ultimate%20UAV&title=Special:MediaSearch&type=image,,,,,,
GEMINI,China,TBS,https://commons.wikimedia.org/w/index.php?search=GEMINI%20UAV&title=Special:MediaSearch&type=image,,,,,,
H109S X4 Pro,China,Hubsan,https://commons.wikimedia.org/w/index.php?search=H109S%20X4%20Pro%20UAV&title=Special:MediaSearch&type=image,,,,,,
H520,China,Yuneec,https://commons.wikimedia.org/w/index.php?search=H520%20UAV&title=Special:MediaSearch&type=image,,,,,,
H520E,China,Yuneec,https://commons.wikimedia.org/w/index.php?search=H520E%20UAV&title=Special:MediaSearch&type=image,,,,,,
H520E-RTK,China,Yuneec,https://commons.wikimedia.org/w/index.php?search=H520E-RTK%20UAV&title=Special:MediaSearch&type=image,,,,,,
H850-RTK,China,Yuneec,https://commons.wikimedia.org/w/index.php?search=H850-RTK%20UAV&title=Special:MediaSearch&type=image,,,,,,
Inspire 1,China,DJI,https://commons.wikimedia.org/w/index.php?search=Inspire%201%20UAV&title=Special:MediaSearch&type=image,,,,,,
Inspire 1 Pro,China,DJI,https://commons.wikimedia.org/w/index.php?search=Inspire%201%20Pro%20UAV&title=Special:MediaSearch&type=image,,,,,,
Inspire 1 Raw,China,DJI,https://commons.wikimedia.org/w/index.php?search=Inspire%201%20Raw%20UAV&title=Special:MediaSearch&type=image,,,,,,
Inspire 2,China,DJI,https://commons.wikimedia.org/w/index.php?search=Inspire%202%20UAV&title=Special:MediaSearch&type=image,,,,,,
Kestrel,China,Autel,https://commons.wikimedia.org/w/index.php?search=Kestrel%20UAV&title=Special:MediaSearch&type=image,,,,,,
Mantis G,China,Yuneec,https://commons.wikimedia.org/w/index.php?search=Mantis%20G%20UAV&title=Special:MediaSearch&type=image,,,,,,
Mantis Q,China,Yuneec,https://commons.wikimedia.org/w/index.php?search=Mantis%20Q%20UAV&title=Special:MediaSearch&type=image,,,,,,
Matrice 100,China,DJI,https://commons.wikimedia.org/w/index.php?search=Matrice%20100%20UAV&title=Special:MediaSearch&type=image,,,,,,
Matrice 200,China,DJI,https://commons.wikimedia.org/w/index.php?search=Matrice%20200%20UAV&title=Special:MediaSearch&type=image,,,,,,
Matrice 200 V2,China,DJI,https://commons.wikimedia.org/w/index.php?search=Matrice%20200%20V2%20UAV&title=Special:MediaSearch&type=image,,,,,,
Matrice 210 RTK,China,DJI,https://commons.wikimedia.org/w/index.php?search=Matrice%20210%20RTK%20UAV&title=Special:MediaSearch&type=image,,,,,,
Matrice 210 RTK V2,China,DJI,https://commons.wikimedia.org/w/index.php?search=Matrice%20210%20RTK%20V2%20UAV&title=Special:MediaSearch&type=image,,,,,,
Matrice 210 V2,China,DJI,https://commons.wikimedia.org/w/index.php?search=Matrice%20210%20V2%20UAV&title=Special:MediaSearch&type=image,,,,,,
Matrice 30,China,DJI,https://commons.wikimedia.org/w/index.php?search=Matrice%2030%20UAV&title=Special:MediaSearch&type=image,,,,,,
Matrice 300 RTK,China,DJI,https://commons.wikimedia.org/w/index.php?search=Matrice%20300%20RTK%20UAV&title=Special:MediaSearch&type=image,,,,,,
Matrice 30T,China,DJI,https://commons.wikimedia.org/w/index.php?search=Matrice%2030T%20UAV&title=Special:MediaSearch&type=image,,,,,,
Matrice 600,China,DJI,https://commons.wikimedia.org/w/index.php?search=Matrice%20600%20UAV&title=Special:MediaSearch&type=image,,,,,,
Matrice 600 Pro,China,DJI,https://commons.wikimedia.org/w/index.php?search=Matrice%20600%20Pro%20UAV&title=Special:MediaSearch&type=image,,,,,,
Mavic 2 Enterprise,China,DJI,https://commons.wikimedia.org/w/index.php?search=Mavic%202%20Enterprise%20UAV&title=Special:MediaSearch&type=image,,,,,,
Mavic 2 Enterprise Advanced,China,DJI,https://commons.wikimedia.org/w/index.php?search=Mavic%202%20Enterprise%20Advanced%20UAV&title=Special:MediaSearch&type=image,,,,,,
Mavic 2 Enterprise Dual,China,DJI,https://commons.wikimedia.org/w/index.php?search=Mavic%202%20Enterprise%20Dual%20UAV&title=Special:MediaSearch&type=image,,,,,,
Mavic 2 Pro,China,DJI,https://commons.wikimedia.org/w/index.php?search=Mavic%202%20Pro%20UAV&title=Special:MediaSearch&type=image,,,,,,
Mavic 2 Zoom,China,DJI,https://commons.wikimedia.org/w/index.php?search=Mavic%202%20Zoom%20UAV&title=Special:MediaSearch&type=image,,,,,,
Mavic 3,China,DJI,https://commons.wikimedia.org/w/index.php?search=Mavic%203%20UAV&title=Special:MediaSearch&type=image,,,,,,
Mavic 3 3E,China,DJI,https://commons.wikimedia.org/w/index.php?search=Mavic%203%203E%20UAV&title=Special:MediaSearch&type=image,,,,,,
Mavic 3 3M,China,DJI,https://commons.wikimedia.org/w/index.php?search=Mavic%203%203M%20UAV&title=Special:MediaSearch&type=image,,,,,,
Mavic 3 3T,China,DJI,https://commons.wikimedia.org/w/index.php?search=Mavic%203%203T%20UAV&title=Special:MediaSearch&type=image,,,,,,
Mavic 3 Cine,China,DJI,https://commons.wikimedia.org/w/index.php?search=Mavic%203%20Cine%20UAV&title=Special:MediaSearch&type=image,,,,,,
Mavic Air,China,DJI,https://commons.wikimedia.org/w/index.php?search=Mavic%20Air%20UAV&title=Special:MediaSearch&type=image,,,,,,
Mavic Air 2,China,DJI,https://commons.wikimedia.org/w/index.php?search=Mavic%20Air%202%20UAV&title=Special:MediaSearch&type=image,,,,,,
Mavic Mini,China,DJI,https://commons.wikimedia.org/w/index.php?search=Mavic%20Mini%20UAV&title=Special:MediaSearch&type=image,,,,,,
Mavic Pro,China,DJI,https://commons.wikimedia.org/w/index.php?search=Mavic%20Pro%20UAV&title=Special:MediaSearch&type=image,,,,,,
Mavic Pro Platinum,China,DJI,https://commons.wikimedia.org/w/index.php?search=Mavic%20Pro%20Platinum%20UAV&title=Special:MediaSearch&type=image,,,,,,
Mi Drone 4K,China,Xiaomi,https://commons.wikimedia.org/w/index.php?search=Mi%20Drone%204K%20UAV&title=Special:MediaSearch&type=image,,,,,,
Mi Drone Mini,China,Xiaomi,https://commons.wikimedia.org/w/index.php?search=Mi%20Drone%20Mini%20UAV&title=Special:MediaSearch&type=image,,,,,,
Mini 2,China,DJI,https://commons.wikimedia.org/w/index.php?search=Mini%202%20UAV&title=Special:MediaSearch&type=image,,,,,,
Mini 3 Pro,China,DJI,https://commons.wikimedia.org/w/index.php?search=Mini%203%20Pro%20UAV&title=Special:MediaSearch&type=image,,,,,,
Mini 4 Pro,China,DJI,https://commons.wikimedia.org/w/index.php?search=Mini%204%20Pro%20UAV&title=Special:MediaSearch&type=image,,,,,,
Phantom 1,China,DJI,https://commons.wikimedia.org/w/index.php?search=Phantom%201%20UAV&title=Special:MediaSearch&type=image,,,,,,
Phantom 2,China,DJI,https://commons.wikimedia.org/w/index.php?search=Phantom%202%20UAV&title=Special:MediaSearch&type=image,,,,,,
Phantom 2 Vision,China,DJI,https://commons.wikimedia.org/w/index.php?search=Phantom%202%20Vision%20UAV&title=Special:MediaSearch&type=image,,,,,,
Phantom 3 4k,China,DJI,https://commons.wikimedia.org/w/index.php?search=Phantom%203%204k%20UAV&title=Special:MediaSearch&type=image,,,,,,
Phantom 3 Advanced,China,DJI,https://commons.wikimedia.org/w/index.php?search=Phantom%203%20Advanced%20UAV&title=Special:MediaSearch&type=image,,,,,,
Phantom 3 Professional,China,DJI,https://commons.wikimedia.org/w/index.php?search=Phantom%203%20Professional%20UAV&title=Special:MediaSearch&type=image,,,,,,
Phantom 3 SE,China,DJI,https://commons.wikimedia.org/w/index.php?search=Phantom%203%20SE%20UAV&title=Special:MediaSearch&type=image,,,,,,
Phantom 3 Standard,China,DJI,https://commons.wikimedia.org/w/index.php?search=Phantom%203%20Standard%20UAV&title=Special:MediaSearch&type=image,,,,,,
Phantom 4,China,DJI,https://commons.wikimedia.org/w/index.php?search=Phantom%204%20UAV&title=Special:MediaSearch&type=image,,,,,,
Phantom 4 Advanced,China,DJI,https://commons.wikimedia.org/w/index.php?search=Phantom%204%20Advanced%20UAV&title=Special:MediaSearch&type=image,,,,,,
Phantom 4 Multispectral,China,DJI,https://commons.wikimedia.org/w/index.php?search=Phantom%204%20Multispectral%20UAV&title=Special:MediaSearch&type=image,,,,,,
Phantom 4 Pro,China,DJI,https://commons.wikimedia.org/w/index.php?search=Phantom%204%20Pro%20UAV&title=Special:MediaSearch&type=image,,,,,,
Phantom 4 Pro V2.0,China,DJI,https://commons.wikimedia.org/w/index.php?search=Phantom%204%20Pro%20V2.0%20UAV&title=Special:MediaSearch&type=image,,,,,,
Phantom 4 RTK,China,DJI,https://commons.wikimedia.org/w/index.php?search=Phantom%204%20RTK%20UAV&title=Special:MediaSearch&type=image,,,,,,
Phantom FC40,China,DJI,https://commons.wikimedia.org/w/index.php?search=Phantom%20FC40%20UAV&title=Special:MediaSearch&type=image,,,,,,
Spark,China,DJI,https://commons.wikimedia.org/w/index.php?search=Spark%20UAV&title=Special:MediaSearch&type=image,,,,,,
Spreading Wings S1000+,China,DJI,https://commons.wikimedia.org/w/index.php?search=Spreading%20Wings%20S1000%2B%20UAV&title=Special:MediaSearch&type=image,,,,,,
Spreading Wings S800,China,DJI,https://commons.wikimedia.org/w/index.php?search=Spreading%20Wings%20S800%20UAV&title=Special:MediaSearch&type=image,,,,,,
Spreading Wings S800 EVO,China,DJI,https://commons.wikimedia.org/w/index.php?search=Spreading%20Wings%20S800%20EVO%20UAV&title=Special:MediaSearch&type=image,,,,,,
Spreading Wings S900,China,DJI,https://commons.wikimedia.org/w/index.php?search=Spreading%20Wings%20S900%20UAV&title=Special:MediaSearch&type=image,,,,,,
Tello,China,DJI,https://commons.wikimedia.org/w/index.php?search=Tello%20UAV&title=Special:MediaSearch&type=image,,,,,,
Tello EDU,China,DJI,https://commons.wikimedia.org/w/index.php?search=Tello%20EDU%20UAV&title=Special:MediaSearch&type=image,,,,,,
Tello Iron Man,China,DJI,https://commons.wikimedia.org/w/index.php?search=Tello%20Iron%20Man%20UAV&title=Special:MediaSearch&type=image,,,,,,
Typhoon 4K,China,Yuneec,https://commons.wikimedia.org/w/index.php?search=Typhoon%204K%20UAV&title=Special:MediaSearch&type=image,,,,,,
Typhoon H Plus,China,Yuneec,https://commons.wikimedia.org/w/index.php?search=Typhoon%20H%20Plus%20UAV&title=Special:MediaSearch&type=image,,,,,,
Typhoon H3,China,Yuneec,https://commons.wikimedia.org/w/index.php?search=Typhoon%20H3%20UAV&title=Special:MediaSearch&type=image,,,,,,
Typhoon Q500,China,Yuneec,https://commons.wikimedia.org/w/index.php?search=Typhoon%20Q500%20UAV&title=Special:MediaSearch&type=image,,,,,,
Vitus 320,China,Walkera,https://commons.wikimedia.org/w/index.php?search=Vitus%20320%20UAV&title=Special:MediaSearch&type=image,,,,,,
X-Star,China,Autel,https://commons.wikimedia.org/w/index.php?search=X-Star%20UAV&title=Special:MediaSearch&type=image,,,,,,
X-Star Premium,China,Autel,https://commons.wikimedia.org/w/index.php?search=X-Star%20Premium%20UAV&title=Special:MediaSearch&type=image,,,,,,
X25 Pro,China,Syma,https://commons.wikimedia.org/w/index.php?search=X25%20Pro%20UAV&title=Special:MediaSearch&type=image,,,,,,
X5C,China,Syma,https://commons.wikimedia.org/w/index.php?search=X5C%20UAV&title=Special:MediaSearch&type=image,,,,,,
X8 Pro,China,Syma,https://commons.wikimedia.org/w/index.php?search=X8%20Pro%20UAV&title=Special:MediaSearch&type=image,,,,,,
Zino,China,Hubsan,https://commons.wikimedia.org/w/index.php?search=Zino%20UAV&title=Special:MediaSearch&type=image,,,,,,
Zino Pro,China,Hubsan,https://commons.wikimedia.org/w/index.php?search=Zino%20Pro%20UAV&title=Special:MediaSearch&type=image,,,,,,
AR Drone 2.0,France,Parrot,https://commons.wikimedia.org/w/index.php?search=AR%20Drone%202.0%20UAV&title=Special:MediaSearch&type=image,,,,,,
Anafi,France,Parrot,https://commons.wikimedia.org/w/index.php?search=Anafi%20UAV&title=Special:MediaSearch&type=image,,,,,,
Bebop,France,Parrot,https://commons.wikimedia.org/w/index.php?search=Bebop%20UAV&title=Special:MediaSearch&type=image,,,,,,
Bebop 2,France,Parrot,https://commons.wikimedia.org/w/index.php?search=Bebop%202%20UAV&title=Special:MediaSearch&type=image,,,,,,
Disco,France,Parrot,https://commons.wikimedia.org/w/index.php?search=Disco%20UAV&title=Special:MediaSearch&type=image,,,,,,
Trinity F90+,Germany,Quantum-Systems,https://commons.wikimedia.org/w/index.php?search=Trinity%20F90%2B%20UAV&title=Special:MediaSearch&type=image,,,,,,
ARIES,Italy,ANT-X,https://commons.wikimedia.org/w/index.php?search=ARIES%20UAV&title=Special:MediaSearch&type=image,,,,,,
ARS-S1,Japan,Sony,https://commons.wikimedia.org/w/index.php?search=ARS-S1%20UAV&title=Special:MediaSearch&type=image,,,,,,
SENSEFLY eBee,Multinational,AgEagle,https://commons.wikimedia.org/w/index.php?search=SENSEFLY%20eBee%20UAV&title=Special:MediaSearch&type=image,,,,,,
WingtraOne,Switzerland,Wingtra,https://commons.wikimedia.org/w/index.php?search=WingtraOne%20UAV&title=Special:MediaSearch&type=image,,,,,,
Aero,United States,3D Robotics,https://commons.wikimedia.org/w/index.php?search=Aero%20UAV&title=Special:MediaSearch&type=image,,,,,,
Aero M,United States,3D Robotics,https://commons.wikimedia.org/w/index.php?search=Aero%20M%20UAV&title=Special:MediaSearch&type=image,,,,,,
Alias,United States,LaTrax,https://commons.wikimedia.org/w/index.php?search=Alias%20UAV&title=Special:MediaSearch&type=image,,,,,,
Astro,United States,Freefly,https://commons.wikimedia.org/w/index.php?search=Astro%20UAV&title=Special:MediaSearch&type=image,,,,,,
IRIS+,United States,3D Robotics,https://commons.wikimedia.org/w/index.php?search=IRIS%2B%20UAV&title=Special:MediaSearch&type=image,,,,,,
Solo,United States,3D Robotics,https://commons.wikimedia.org/w/index.php?search=Solo%20UAV&title=Special:MediaSearch&type=image,,,,,,
X8+,United States,3D Robotics,https://commons.wikimedia.org/w/index.php?search=X8%2B%20UAV&title=Special:MediaSearch&type=image,,,,,,
X8-M,United States,3D Robotics,https://commons.wikimedia.org/w/index.php?search=X8-M%20UAV&title=Special:MediaSearch&type=image,,,,,,
Krunk,Armenia,,https://commons.wikimedia.org/w/index.php?search=Krunk%20UAV&title=Special:MediaSearch&type=image,,,,,,
Hunter,Unknown,"IAI,Northrop Grumman",https://commons.wikimedia.org/w/index.php?search=Hunter%20UAV&title=Special:MediaSearch&type=image,,,,,,
Aquila 2,Unknown,Codev Dynamics,https://commons.wikimedia.org/w/index.php?search=Aquila%202%20UAV&title=Special:MediaSearch&type=image,,,,,,
Aquila 3,Unknown,Codev Dynamics,https://commons.wikimedia.org/w/index.php?search=Aquila%203%20UAV&title=Special:MediaSearch&type=image,,,,,,
CUBEE,Unknown,AirWood,https://commons.wikimedia.org/w/index.php?search=CUBEE%20UAV&title=Special:MediaSearch&type=image,,,,,,
Dronamics Black Swan,Bulgaria,,https://commons.wikimedia.org/w/index.php?search=Dronamics%20Black%20Swan%20UAV&title=Special:MediaSearch&type=image,,,,,,
Aeryon SkyRanger R70,Canada,,https://commons.wikimedia.org/w/index.php?search=Aeryon%20SkyRanger%20R70%20UAV&title=Special:MediaSearch&type=image,,,,,,
Draganfly Commander 3 XL,Canada,,https://commons.wikimedia.org/w/index.php?search=Draganfly%20Commander%203%20XL%20UAV&title=Special:MediaSearch&type=image,,,,,,
AutoFlight Prosperity I,China,,https://commons.wikimedia.org/w/index.php?search=AutoFlight%20Prosperity%20I%20UAV&title=Special:MediaSearch&type=image,,,,,,
DJI Agras T50,China,,https://commons.wikimedia.org/w/index.php?search=DJI%20Agras%20T50%20UAV&title=Special:MediaSearch&type=image,,,,,,
DJI Mavic 3 Enterprise,China,,https://commons.wikimedia.org/w/index.php?search=DJI%20Mavic%203%20Enterprise%20UAV&title=Special:MediaSearch&type=image,,,,,,
EHang EH216-S,China,,https://commons.wikimedia.org/w/index.php?search=EHang%20EH216-S%20UAV&title=Special:MediaSearch&type=image,,,,,,
GJ-11 Sharp Sword,China,,https://commons.wikimedia.org/w/index.php?search=GJ-11%20Sharp%20Sword%20UAV&title=Special:MediaSearch&type=image,,,,,,
JOUAV CW-25E,China,,https://commons.wikimedia.org/w/index.php?search=JOUAV%20CW-25E%20UAV&title=Special:MediaSearch&type=image,,,,,,
TB-001 Twin-Tailed Scorpion,China,,https://commons.wikimedia.org/w/index.php?search=TB-001%20Twin-Tailed%20Scorpion%20UAV&title=Special:MediaSearch&type=image,,,,,,
WZ-7 Soaring Dragon,China,,https://commons.wikimedia.org/w/index.php?search=WZ-7%20Soaring%20Dragon%20UAV&title=Special:MediaSearch&type=image,,,,,,
WZ-8,China,,https://commons.wikimedia.org/w/index.php?search=WZ-8%20UAV&title=Special:MediaSearch&type=image,,,,,,
XPeng AeroHT flying-car concepts,China,,https://commons.wikimedia.org/w/index.php?search=XPeng%20AeroHT%20flying-car%20concepts%20UAV&title=Special:MediaSearch&type=image,,,,,,
Aarok,France,,https://commons.wikimedia.org/w/index.php?search=Aarok%20UAV&title=Special:MediaSearch&type=image,,,,,,
Aliaca,France,,https://commons.wikimedia.org/w/index.php?search=Aliaca%20UAV&title=Special:MediaSearch&type=image,,,,,,
Parrot Anafi AI,France,,https://commons.wikimedia.org/w/index.php?search=Parrot%20Anafi%20AI%20UAV&title=Special:MediaSearch&type=image,,,,,,
Lilium Jet,Germany,,https://commons.wikimedia.org/w/index.php?search=Lilium%20Jet%20UAV&title=Special:MediaSearch&type=image,,,,,,
Microdrones md4-3000,Germany,,https://commons.wikimedia.org/w/index.php?search=Microdrones%20md4-3000%20UAV&title=Special:MediaSearch&type=image,,,,,,
Quantum Systems Vector,Germany,,https://commons.wikimedia.org/w/index.php?search=Quantum%20Systems%20Vector%20UAV&title=Special:MediaSearch&type=image,,,,,,
Trinity Pro,Germany,,https://commons.wikimedia.org/w/index.php?search=Trinity%20Pro%20UAV&title=Special:MediaSearch&type=image,,,,,,
Volocopter VoloDrone,Germany,,https://commons.wikimedia.org/w/index.php?search=Volocopter%20VoloDrone%20UAV&title=Special:MediaSearch&type=image,,,,,,
Archer-NG,India,,https://commons.wikimedia.org/w/index.php?search=Archer-NG%20UAV&title=Special:MediaSearch&type=image,,,,,,
Ghatak,India,,https://commons.wikimedia.org/w/index.php?search=Ghatak%20UAV&title=Special:MediaSearch&type=image,,,,,,
Netra V-series,India,,https://commons.wikimedia.org/w/index.php?search=Netra%20V-series%20UAV&title=Special:MediaSearch&type=image,,,,,,
NewSpace BEL VUAV concepts,India,,https://commons.wikimedia.org/w/index.php?search=NewSpace%20BEL%20VUAV%20concepts%20UAV&title=Special:MediaSearch&type=image,,,,,,
Nishant,India,,https://commons.wikimedia.org/w/index.php?search=Nishant%20UAV&title=Special:MediaSearch&type=image,,,,,,
Rustom-II,India,,https://commons.wikimedia.org/w/index.php?search=Rustom-II%20UAV&title=Special:MediaSearch&type=image,,,,,,
ideaForge NETRA V4+,India,,https://commons.wikimedia.org/w/index.php?search=ideaForge%20NETRA%20V4%2B%20UAV&title=Special:MediaSearch&type=image,,,,,,
ideaForge SWITCH UAV,India,,https://commons.wikimedia.org/w/index.php?search=ideaForge%20SWITCH%20UAV%20UAV&title=Special:MediaSearch&type=image,,,,,,
Ababil family,Iran,,https://commons.wikimedia.org/w/index.php?search=Ababil%20family%20UAV&title=Special:MediaSearch&type=image,,,,,,
Karrar,Iran,,https://commons.wikimedia.org/w/index.php?search=Karrar%20UAV&title=Special:MediaSearch&type=image,,,,,,
Shahed-131,Iran,,https://commons.wikimedia.org/w/index.php?search=Shahed-131%20UAV&title=Special:MediaSearch&type=image,,,,,,
Shahed-136,Iran,,https://commons.wikimedia.org/w/index.php?search=Shahed-136%20UAV&title=Special:MediaSearch&type=image,,,,,,
Shahed-238,Iran,,https://commons.wikimedia.org/w/index.php?search=Shahed-238%20UAV&title=Special:MediaSearch&type=image,,,,,,
Heron 1,Israel,,https://commons.wikimedia.org/w/index.php?search=Heron%201%20UAV&title=Special:MediaSearch&type=image,,,,,,
Heron TP,Israel,,https://commons.wikimedia.org/w/index.php?search=Heron%20TP%20UAV&title=Special:MediaSearch&type=image,,,,,,
Orbiter family,Israel,,https://commons.wikimedia.org/w/index.php?search=Orbiter%20family%20UAV&title=Special:MediaSearch&type=image,,,,,,
Searcher Mk II,Israel,,https://commons.wikimedia.org/w/index.php?search=Searcher%20Mk%20II%20UAV&title=Special:MediaSearch&type=image,,,,,,
SkyStriker,Israel,,https://commons.wikimedia.org/w/index.php?search=SkyStriker%20UAV&title=Special:MediaSearch&type=image,,,,,,
AWHero,Italy,,https://commons.wikimedia.org/w/index.php?search=AWHero%20UAV&title=Special:MediaSearch&type=image,,,,,,
Falco EVO,Italy,,https://commons.wikimedia.org/w/index.php?search=Falco%20EVO%20UAV&title=Special:MediaSearch&type=image,,,,,,
Falco Xplorer,Italy,,https://commons.wikimedia.org/w/index.php?search=Falco%20Xplorer%20UAV&title=Special:MediaSearch&type=image,,,,,,
ACSL SOTEN,Japan,,https://commons.wikimedia.org/w/index.php?search=ACSL%20SOTEN%20UAV&title=Special:MediaSearch&type=image,,,,,,
Terra Drone survey platforms,Japan,,https://commons.wikimedia.org/w/index.php?search=Terra%20Drone%20survey%20platforms%20UAV&title=Special:MediaSearch&type=image,,,,,,
Yamaha FAZER R G2,Japan,,https://commons.wikimedia.org/w/index.php?search=Yamaha%20FAZER%20R%20G2%20UAV&title=Special:MediaSearch&type=image,,,,,,
FIXAR 025,Latvia,,https://commons.wikimedia.org/w/index.php?search=FIXAR%20025%20UAV&title=Special:MediaSearch&type=image,,,,,,
AgEagle eBee VISION,Multinational,,https://commons.wikimedia.org/w/index.php?search=AgEagle%20eBee%20VISION%20UAV&title=Special:MediaSearch&type=image,,,,,,
Eurodrone,Multinational,,https://commons.wikimedia.org/w/index.php?search=Eurodrone%20UAV&title=Special:MediaSearch&type=image,,,,,,
Geran-2,Multinational,,https://commons.wikimedia.org/w/index.php?search=Geran-2%20UAV&title=Special:MediaSearch&type=image,,,,,,
Matternet M2,Multinational,,https://commons.wikimedia.org/w/index.php?search=Matternet%20M2%20UAV&title=Special:MediaSearch&type=image,,,,,,
Parrot Anafi USA,Multinational,,https://commons.wikimedia.org/w/index.php?search=Parrot%20Anafi%20USA%20UAV&title=Special:MediaSearch&type=image,,,,,,
SIRTAP,Multinational,,https://commons.wikimedia.org/w/index.php?search=SIRTAP%20UAV&title=Special:MediaSearch&type=image,,,,,,
nEUROn,Multinational,,https://commons.wikimedia.org/w/index.php?search=nEUROn%20UAV&title=Special:MediaSearch&type=image,,,,,,
Gladius system,Poland,,https://commons.wikimedia.org/w/index.php?search=Gladius%20system%20UAV&title=Special:MediaSearch&type=image,,,,,,
Forpost-R,Russia,,https://commons.wikimedia.org/w/index.php?search=Forpost-R%20UAV&title=Special:MediaSearch&type=image,,,,,,
Kub-BLA,Russia,,https://commons.wikimedia.org/w/index.php?search=Kub-BLA%20UAV&title=Special:MediaSearch&type=image,,,,,,
Orlan-30,Russia,,https://commons.wikimedia.org/w/index.php?search=Orlan-30%20UAV&title=Special:MediaSearch&type=image,,,,,,
S-70 Okhotnik-B,Russia,,https://commons.wikimedia.org/w/index.php?search=S-70%20Okhotnik-B%20UAV&title=Special:MediaSearch&type=image,,,,,,
ZALA Lancet,Russia,,https://commons.wikimedia.org/w/index.php?search=ZALA%20Lancet%20UAV&title=Special:MediaSearch&type=image,,,,,,
Milkor 380,South Africa,,https://commons.wikimedia.org/w/index.php?search=Milkor%20380%20UAV&title=Special:MediaSearch&type=image,,,,,,
KUS-FC,South Korea,,https://commons.wikimedia.org/w/index.php?search=KUS-FC%20UAV&title=Special:MediaSearch&type=image,,,,,,
KUS-FS,South Korea,,https://commons.wikimedia.org/w/index.php?search=KUS-FS%20UAV&title=Special:MediaSearch&type=image,,,,,,
KUS-VH,South Korea,,https://commons.wikimedia.org/w/index.php?search=KUS-VH%20UAV&title=Special:MediaSearch&type=image,,,,,,
RQ-101 Songgolmae,South Korea,,https://commons.wikimedia.org/w/index.php?search=RQ-101%20Songgolmae%20UAV&title=Special:MediaSearch&type=image,,,,,,
Alpha 900,Spain,,https://commons.wikimedia.org/w/index.php?search=Alpha%20900%20UAV&title=Special:MediaSearch&type=image,,,,,,
Flyability Elios 3,Switzerland,,https://commons.wikimedia.org/w/index.php?search=Flyability%20Elios%203%20UAV&title=Special:MediaSearch&type=image,,,,,,
Fotokite Sigma,Switzerland,,https://commons.wikimedia.org/w/index.php?search=Fotokite%20Sigma%20UAV&title=Special:MediaSearch&type=image,,,,,,
WingtraOne GEN II,Switzerland,,https://commons.wikimedia.org/w/index.php?search=WingtraOne%20GEN%20II%20UAV&title=Special:MediaSearch&type=image,,,,,,
senseFly eBee X,Switzerland,,https://commons.wikimedia.org/w/index.php?search=senseFly%20eBee%20X%20UAV&title=Special:MediaSearch&type=image,,,,,,
Bayraktar Akinci,Türkiye,,https://commons.wikimedia.org/w/index.php?search=Bayraktar%20Akinci%20UAV&title=Special:MediaSearch&type=image,,,,,,
Bayraktar Kizilelma,Türkiye,,https://commons.wikimedia.org/w/index.php?search=Bayraktar%20Kizilelma%20UAV&title=Special:MediaSearch&type=image,,,,,,
Bayraktar TB3,Türkiye,,https://commons.wikimedia.org/w/index.php?search=Bayraktar%20TB3%20UAV&title=Special:MediaSearch&type=image,,,,,,
STM Alpagu,Türkiye,,https://commons.wikimedia.org/w/index.php?search=STM%20Alpagu%20UAV&title=Special:MediaSearch&type=image,,,,,,
TAI Aksungur,Türkiye,,https://commons.wikimedia.org/w/index.php?search=TAI%20Aksungur%20UAV&title=Special:MediaSearch&type=image,,,,,,
TAI Anka-3,Türkiye,,https://commons.wikimedia.org/w/index.php?search=TAI%20Anka-3%20UAV&title=Special:MediaSearch&type=image,,,,,,
AQ-400 Scythe,Ukraine,,https://commons.wikimedia.org/w/index.php?search=AQ-400%20Scythe%20UAV&title=Special:MediaSearch&type=image,,,,,,
Bober,Ukraine,,https://commons.wikimedia.org/w/index.php?search=Bober%20UAV&title=Special:MediaSearch&type=image,,,,,,
Magura V5,Ukraine,,https://commons.wikimedia.org/w/index.php?search=Magura%20V5%20UAV&title=Special:MediaSearch&type=image,,,,,,
PD-2,Ukraine,,https://commons.wikimedia.org/w/index.php?search=PD-2%20UAV&title=Special:MediaSearch&type=image,,,,,,
Shark,Ukraine,,https://commons.wikimedia.org/w/index.php?search=Shark%20UAV&title=Special:MediaSearch&type=image,,,,,,
UJ-22 Airborne,Ukraine,,https://commons.wikimedia.org/w/index.php?search=UJ-22%20Airborne%20UAV&title=Special:MediaSearch&type=image,,,,,,
QX-4,United Arab Emirates,,https://commons.wikimedia.org/w/index.php?search=QX-4%20UAV&title=Special:MediaSearch&type=image,,,,,,
Malloy T150,United Kingdom,,https://commons.wikimedia.org/w/index.php?search=Malloy%20T150%20UAV&title=Special:MediaSearch&type=image,,,,,,
Malloy T400,United Kingdom,,https://commons.wikimedia.org/w/index.php?search=Malloy%20T400%20UAV&title=Special:MediaSearch&type=image,,,,,,
Protector RG Mk1,United Kingdom,,https://commons.wikimedia.org/w/index.php?search=Protector%20RG%20Mk1%20UAV&title=Special:MediaSearch&type=image,,,,,,
Taranis demonstrator,United Kingdom,,https://commons.wikimedia.org/w/index.php?search=Taranis%20demonstrator%20UAV&title=Special:MediaSearch&type=image,,,,,,
Vertical VX4,United Kingdom,,https://commons.wikimedia.org/w/index.php?search=Vertical%20VX4%20UAV&title=Special:MediaSearch&type=image,,,,,,
Watchkeeper WK450,United Kingdom,,https://commons.wikimedia.org/w/index.php?search=Watchkeeper%20WK450%20UAV&title=Special:MediaSearch&type=image,,,,,,
AeroVironment Quantix Recon,United States,,https://commons.wikimedia.org/w/index.php?search=AeroVironment%20Quantix%20Recon%20UAV&title=Special:MediaSearch&type=image,,,,,,
Amazon MK30,United States,,https://commons.wikimedia.org/w/index.php?search=Amazon%20MK30%20UAV&title=Special:MediaSearch&type=image,,,,,,
Anduril Ghost,United States,,https://commons.wikimedia.org/w/index.php?search=Anduril%20Ghost%20UAV&title=Special:MediaSearch&type=image,,,,,,
Anduril Ghost-X,United States,,https://commons.wikimedia.org/w/index.php?search=Anduril%20Ghost-X%20UAV&title=Special:MediaSearch&type=image,,,,,,
Archer Midnight,United States,,https://commons.wikimedia.org/w/index.php?search=Archer%20Midnight%20UAV&title=Special:MediaSearch&type=image,,,,,,
Beta ALIA,United States,,https://commons.wikimedia.org/w/index.php?search=Beta%20ALIA%20UAV&title=Special:MediaSearch&type=image,,,,,,
Elroy Air Chaparral,United States,,https://commons.wikimedia.org/w/index.php?search=Elroy%20Air%20Chaparral%20UAV&title=Special:MediaSearch&type=image,,,,,,
Inspired Flight IF1200A,United States,,https://commons.wikimedia.org/w/index.php?search=Inspired%20Flight%20IF1200A%20UAV&title=Special:MediaSearch&type=image,,,,,,
Joby S4,United States,,https://commons.wikimedia.org/w/index.php?search=Joby%20S4%20UAV&title=Special:MediaSearch&type=image,,,,,,
MQ-9A Reaper,United States,,https://commons.wikimedia.org/w/index.php?search=MQ-9A%20Reaper%20UAV&title=Special:MediaSearch&type=image,,,,,,
MQ-9B SeaGuardian,United States,,https://commons.wikimedia.org/w/index.php?search=MQ-9B%20SeaGuardian%20UAV&title=Special:MediaSearch&type=image,,,,,,
MQ-9B SkyGuardian,United States,,https://commons.wikimedia.org/w/index.php?search=MQ-9B%20SkyGuardian%20UAV&title=Special:MediaSearch&type=image,,,,,,
Manta Ray,United States,,https://commons.wikimedia.org/w/index.php?search=Manta%20Ray%20UAV&title=Special:MediaSearch&type=image,,,,,,
Phoenix Ghost family,United States,,https://commons.wikimedia.org/w/index.php?search=Phoenix%20Ghost%20family%20UAV&title=Special:MediaSearch&type=image,,,,,,
Puma AE,United States,,https://commons.wikimedia.org/w/index.php?search=Puma%20AE%20UAV&title=Special:MediaSearch&type=image,,,,,,
RQ-21A Blackjack,United States,,https://commons.wikimedia.org/w/index.php?search=RQ-21A%20Blackjack%20UAV&title=Special:MediaSearch&type=image,,,,,,
RQ-7B Shadow,United States,,https://commons.wikimedia.org/w/index.php?search=RQ-7B%20Shadow%20UAV&title=Special:MediaSearch&type=image,,,,,,
Raven RQ-11,United States,,https://commons.wikimedia.org/w/index.php?search=Raven%20RQ-11%20UAV&title=Special:MediaSearch&type=image,,,,,,
Skydio X10,United States,,https://commons.wikimedia.org/w/index.php?search=Skydio%20X10%20UAV&title=Special:MediaSearch&type=image,,,,,,
Skydio X2D,United States,,https://commons.wikimedia.org/w/index.php?search=Skydio%20X2D%20UAV&title=Special:MediaSearch&type=image,,,,,,
Switchblade 300,United States,,https://commons.wikimedia.org/w/index.php?search=Switchblade%20300%20UAV&title=Special:MediaSearch&type=image,,,,,,
Switchblade 600,United States,,https://commons.wikimedia.org/w/index.php?search=Switchblade%20600%20UAV&title=Special:MediaSearch&type=image,,,,,,
Wing delivery drone,United States,,https://commons.wikimedia.org/w/index.php?search=Wing%20delivery%20drone%20UAV&title=Special:MediaSearch&type=image,,,,,,
Wisk Generation 6,United States,,https://commons.wikimedia.org/w/index.php?search=Wisk%20Generation%206%20UAV&title=Special:MediaSearch&type=image,,,,,,
XQ-58A Valkyrie,United States,,https://commons.wikimedia.org/w/index.php?search=XQ-58A%20Valkyrie%20UAV&title=Special:MediaSearch&type=image,,,,,,
Zipline Platform 1,United States,,https://commons.wikimedia.org/w/index.php?search=Zipline%20Platform%201%20UAV&title=Special:MediaSearch&type=image,,,,,,
Zipline Platform 2,United States,,https://commons.wikimedia.org/w/index.php?search=Zipline%20Platform%202%20UAV&title=Special:MediaSearch&type=image,,,,,,
